Player,Date,Opponent,Event,Result,TDL,TDA,TD Acc.,TD Def.,Sub. Avg.,Sub. Attempts,Sub. Success Rate,Control Time,Ground Control %,Reversals,Sweeps
Aaron Pico,2025-08-04,N/A,N/A,N/A,,,0%,0%,0.0,0,0%,0,0%,0,0
Abus Magomedov,2025-08-04,N/A,N/A,N/A,,21.0,0%,0%,0.0,0,0%,0,0%,0,0
Adam Fugitt,2025-08-04,N/A,N/A,N/A,1.0,20.0,0%,0%,0.0,0,0%,0,0%,0,0
Adilet Nurmatov ufc,2025-08-04,N/A,N/A,N/A,,,0%,0%,0.0,0,0%,0,0%,0,0
Adrian Yanez,2025-08-04,N/A,N/A,N/A,,1.0,0%,0%,0.0,0,0%,0,0%,0,0
Ahejiang Ailinuer ufc,2025-08-04,N/A,N/A,N/A,,,0%,0%,0.0,0,0%,0,0%,0,0
Aiemann Zahabi,2025-08-04,N/A,N/A,N/A,,7.0,0%,0%,0.0,0,0%,0,0%,0,0
Ailin Perez,2025-08-04,N/A,N/A,N/A,1.0,49.0,0%,0%,0.0,0,0%,0,0%,0,0
Aleksandar Rakić,2025-08-04,N/A,N/A,N/A,3.0,21.0,0%,0%,0.0,0,0%,0,0%,0,0
Aleksandre Topuria,2025-08-04,N/A,N/A,N/A,1.0,2.0,0%,0%,0.0,0,0%,0,0%,0,0
Alessandro Costa,2025-08-04,N/A,N/A,N/A,,8.0,0%,0%,0.0,0,0%,0,0%,0,0
Alexander Hernandez,2025-08-04,N/A,N/A,N/A,4.0,36.0,0%,0%,0.0,0,0%,0,0%,0,0
Alexander Volkanovski,2025-08-04,N/A,N/A,N/A,16.0,90.0,0%,0%,0.0,0,0%,0,0%,0,0
Alexander Volkov,2025-08-04,N/A,N/A,N/A,5.0,15.0,0%,0%,0.0,0,0%,0,0%,0,0
Alexandre Pantoja,2025-08-04,N/A,N/A,N/A,3.0,84.0,0%,0%,0.0,0,0%,0,0%,0,0
Alexa Grasso,2025-08-04,N/A,N/A,N/A,1.0,17.0,0%,0%,0.0,0,0%,0,0%,0,0
Alexia Thainara,2025-08-04,N/A,N/A,N/A,1.0,4.0,0%,0%,0.0,0,0%,0,0%,0,0
Alex Caceres,2025-08-04,N/A,N/A,N/A,9.0,19.0,0%,0%,0.0,0,0%,0,0%,0,0
Alex Morono,2025-08-04,N/A,N/A,N/A,,25.0,0%,0%,0.0,0,0%,0,0%,0,0
Alex Pereira,2025-08-04,N/A,N/A,N/A,,2.0,0%,0%,0.0,0,0%,0,0%,0,0
Alex Perez,2025-08-04,N/A,N/A,N/A,7.0,26.0,0%,0%,0.0,0,0%,0,0%,0,0
Alex Reyes,2025-08-04,N/A,N/A,N/A,,7.0,0%,0%,0.0,0,0%,0,0%,0,0
Aliaskhab Khizriev,2025-08-04,N/A,N/A,N/A,2.0,5.0,0%,0%,0.0,0,0%,0,0%,0,0
Alice Ardelean,2025-08-04,N/A,N/A,N/A,2.0,6.0,0%,0%,0.0,0,0%,0,0%,0,0
Aljamain Sterling,2025-08-04,N/A,N/A,N/A,21.0,157.0,0%,0%,0.0,0,0%,0,0%,0,0
Allan Nascimento,2025-08-04,N/A,N/A,N/A,,25.0,0%,0%,0.0,0,0%,0,0%,0,0
Alonzo Menifield,2025-08-04,N/A,N/A,N/A,,16.0,0%,0%,0.0,0,0%,0,0%,0,0
Alvin Hines,2025-08-04,N/A,N/A,N/A,1.0,10.0,0%,0%,0.0,0,0%,0,0%,0,0
Al Iaquinta,2025-08-04,N/A,N/A,N/A,8.0,43.0,0%,0%,0.0,0,0%,0,0%,0,0
Amanda Lemos,2025-08-04,N/A,N/A,N/A,1.0,16.0,0%,0%,0.0,0,0%,0,0%,0,0
Amanda Ribas,2025-08-04,N/A,N/A,N/A,2.0,42.0,0%,0%,0.0,0,0%,0,0%,0,0
Amir Albazi,2025-08-04,N/A,N/A,N/A,3.0,25.0,0%,0%,0.0,0,0%,0,0%,0,0
Andreas Gustafsson,2025-08-04,N/A,N/A,N/A,8.0,17.0,0%,0%,0.0,0,0%,0,0%,0,0
Andrey Pulyaev,2025-08-04,N/A,N/A,N/A,,6.0,0%,0%,0.0,0,0%,0,0%,0,0
Andre Fili,2025-08-04,N/A,N/A,N/A,23.0,81.0,0%,0%,0.0,0,0%,0,0%,0,0
Andre Lima,2025-08-04,N/A,N/A,N/A,1.0,8.0,0%,0%,0.0,0,0%,0,0%,0,0
Andre Muniz,2025-08-04,N/A,N/A,N/A,3.0,55.0,0%,0%,0.0,0,0%,0,0%,0,0
Andre Petroski,2025-08-04,N/A,N/A,N/A,8.0,52.0,0%,0%,0.0,0,0%,0,0%,0,0
Angela Hill,2025-08-04,N/A,N/A,N/A,3.0,64.0,0%,0%,0.0,0,0%,0,0%,0,0
Angel Pacheco,2025-08-04,N/A,N/A,N/A,,1.0,0%,0%,0.0,0,0%,0,0%,0,0
Ange Loosa,2025-08-04,N/A,N/A,N/A,,41.0,0%,0%,0.0,0,0%,0,0%,0,0
Anshul Jubli,2025-08-04,N/A,N/A,N/A,2.0,11.0,0%,0%,0.0,0,0%,0,0%,0,0
Anthony Hernandez,2025-08-04,N/A,N/A,N/A,,100.0,0%,0%,0.0,0,0%,0,0%,0,0
Antonio Trocoli,2025-08-04,N/A,N/A,N/A,,9.0,0%,0%,0.0,0,0%,0,0%,0,0
Ariane Carnelossi,2025-08-04,N/A,N/A,N/A,,9.0,0%,0%,0.0,0,0%,0,0%,0,0
Arisa Matsuda ufc,2025-08-04,N/A,N/A,N/A,,,0%,0%,0.0,0,0%,0,0%,0,0
Arman Tsarukyan,2025-08-04,N/A,N/A,N/A,3.0,81.0,0%,0%,0.0,0,0%,0,0%,0,0
Arnold Allen,2025-08-04,N/A,N/A,N/A,8.0,23.0,0%,0%,0.0,0,0%,0,0%,0,0
Asu Almabayev ufc,2025-08-04,N/A,N/A,N/A,,,0%,0%,0.0,0,0%,0,0%,0,0
Ateba Gautier,2025-08-04,N/A,N/A,N/A,,,0%,0%,0.0,0,0%,0,0%,0,0
Austen Lane,2025-08-04,N/A,N/A,N/A,,14.0,0%,0%,0.0,0,0%,0,0%,0,0
Austin Bashi,2025-08-04,N/A,N/A,N/A,3.0,33.0,0%,0%,0.0,0,0%,0,0%,0,0
Austin Hubbard,2025-08-04,N/A,N/A,N/A,,47.0,0%,0%,0.0,0,0%,0,0%,0,0
Azamat Bekoev,2025-08-04,N/A,N/A,N/A,1.0,3.0,0%,0%,0.0,0,0%,0,0%,0,0
Azamat Murzakanov,2025-08-04,N/A,N/A,N/A,1.0,13.0,0%,0%,0.0,0,0%,0,0%,0,0
Azat Maksum,2025-08-04,N/A,N/A,N/A,2.0,25.0,0%,0%,0.0,0,0%,0,0%,0,0
Aziz Khaydarov ufc,2025-08-04,N/A,N/A,N/A,,,0%,0%,0.0,0,0%,0,0%,0,0
Baergeng Jieleyisi,2025-08-04,N/A,N/A,N/A,1.0,8.0,0%,0%,0.0,0,0%,0,0%,0,0
Bassil Hafez,2025-08-04,N/A,N/A,N/A,3.0,25.0,0%,0%,0.0,0,0%,0,0%,0,0
Bekzat Almakhan,2025-08-04,N/A,N/A,N/A,,,0%,0%,0.0,0,0%,0,0%,0,0
Belal Muhammad,2025-08-04,N/A,N/A,N/A,15.0,119.0,0%,0%,0.0,0,0%,0,0%,0,0
Benardo Sopaj,2025-08-04,N/A,N/A,N/A,3.0,7.0,0%,0%,0.0,0,0%,0,0%,0,0
Beneil Dariush,2025-08-04,N/A,N/A,N/A,9.0,81.0,0%,0%,0.0,0,0%,0,0%,0,0
Benoît Saint Denis,2025-08-04,N/A,N/A,N/A,2.0,48.0,0%,0%,0.0,0,0%,0,0%,0,0
Billy Elekana,2025-08-04,N/A,N/A,N/A,1.0,4.0,0%,0%,0.0,0,0%,0,0%,0,0
Billy Quarantillo,2025-08-04,N/A,N/A,N/A,1.0,54.0,0%,0%,0.0,0,0%,0,0%,0,0
Billy Ray Goff ufc,2025-08-04,N/A,N/A,N/A,,,0%,0%,0.0,0,0%,0,0%,0,0
Bogdan Grad,2025-08-04,N/A,N/A,N/A,3.0,25.0,0%,0%,0.0,0,0%,0,0%,0,0
Bogdan Guskov,2025-08-04,N/A,N/A,N/A,,,0%,0%,0.0,0,0%,0,0%,0,0
Bolaji Oki,2025-08-04,N/A,N/A,N/A,1.0,4.0,0%,0%,0.0,0,0%,0,0%,0,0
Bo Nickal,2025-08-04,N/A,N/A,N/A,1.0,15.0,0%,0%,0.0,0,0%,0,0%,0,0
Brady Hiestand,2025-08-04,N/A,N/A,N/A,6.0,39.0,0%,0%,0.0,0,0%,0,0%,0,0
Brad Riddell,2025-08-04,N/A,N/A,N/A,1.0,25.0,0%,0%,0.0,0,0%,0,0%,0,0
Brandon Moreno,2025-08-04,N/A,N/A,N/A,12.0,70.0,0%,0%,0.0,0,0%,0,0%,0,0
Brandon Royval,2025-08-04,N/A,N/A,N/A,2.0,8.0,0%,0%,0.0,0,0%,0,0%,0,0
Brendan Allen,2025-08-04,N/A,N/A,N/A,2.0,51.0,0%,0%,0.0,0,0%,0,0%,0,0
Brendson Ribeiro,2025-08-04,N/A,N/A,N/A,,7.0,0%,0%,0.0,0,0%,0,0%,0,0
Brian Ortega,2025-08-04,N/A,N/A,N/A,1.0,46.0,0%,0%,0.0,0,0%,0,0%,0,0
Brogan Walker,2025-08-04,N/A,N/A,N/A,,,0%,0%,0.0,0,0%,0,0%,0,0
Bruna Brasil,2025-08-04,N/A,N/A,N/A,,12.0,0%,0%,0.0,0,0%,0,0%,0,0
Brunno Ferreira,2025-08-04,N/A,N/A,N/A,,14.0,0%,0%,0.0,0,0%,0,0%,0,0
Bruno Lopes,2025-08-04,N/A,N/A,N/A,5.0,15.0,0%,0%,0.0,0,0%,0,0%,0,0
Bryan Battle,2025-08-04,N/A,N/A,N/A,2.0,23.0,0%,0%,0.0,0,0%,0,0%,0,0
Bryce Mitchell,2025-08-04,N/A,N/A,N/A,3.0,83.0,0%,0%,0.0,0,0%,0,0%,0,0
Caio Borralho,2025-08-04,N/A,N/A,N/A,1.0,20.0,0%,0%,0.0,0,0%,0,0%,0,0
Calvin Kattar,2025-08-04,N/A,N/A,N/A,2.0,17.0,0%,0%,0.0,0,0%,0,0%,0,0
Cameron Saaiman,2025-08-04,N/A,N/A,N/A,,14.0,0%,0%,0.0,0,0%,0,0%,0,0
Cameron Smotherman,2025-08-04,N/A,N/A,N/A,,,0%,0%,0.0,0,0%,0,0%,0,0
Carli Judice,2025-08-04,N/A,N/A,N/A,2.0,8.0,0%,0%,0.0,0,0%,0,0%,0,0
Carlos Leal,2025-08-04,N/A,N/A,N/A,1.0,4.0,0%,0%,0.0,0,0%,0,0%,0,0
Carlos Prates,2025-08-04,N/A,N/A,N/A,,1.0,0%,0%,0.0,0,0%,0,0%,0,0
Carlos Ulberg,2025-08-04,N/A,N/A,N/A,2.0,5.0,0%,0%,0.0,0,0%,0,0%,0,0
Carlos Vera,2025-08-04,N/A,N/A,N/A,,2.0,0%,0%,0.0,0,0%,0,0%,0,0
Carlston Harris,2025-08-04,N/A,N/A,N/A,,22.0,0%,0%,0.0,0,0%,0,0%,0,0
Cesar Almeida,2025-08-04,N/A,N/A,N/A,,2.0,0%,0%,0.0,0,0%,0,0%,0,0
Chad Anheliger,2025-08-04,N/A,N/A,N/A,,13.0,0%,0%,0.0,0,0%,0,0%,0,0
Charles Johnson,2025-08-04,N/A,N/A,N/A,,24.0,0%,0%,0.0,0,0%,0,0%,0,0
Charles Jourdain,2025-08-04,N/A,N/A,N/A,,19.0,0%,0%,0.0,0,0%,0,0%,0,0
Charles Oliveira,2025-08-04,N/A,N/A,N/A,26.0,99.0,0%,0%,0.0,0,0%,0,0%,0,0
Charles Radtke,2025-08-04,N/A,N/A,N/A,,,0%,0%,0.0,0,0%,0,0%,0,0
Charlie Campbell,2025-08-04,N/A,N/A,N/A,,10.0,0%,0%,0.0,0,0%,0,0%,0,0
Chase Hooper,2025-08-04,N/A,N/A,N/A,1.0,61.0,0%,0%,0.0,0,0%,0,0%,0,0
Chelsea Chandler,2025-08-04,N/A,N/A,N/A,,5.0,0%,0%,0.0,0,0%,0,0%,0,0
Chepe Mariscal,2025-08-04,N/A,N/A,N/A,4.0,33.0,0%,0%,0.0,0,0%,0,0%,0,0
Chidi Njokuani,2025-08-04,N/A,N/A,N/A,,5.0,0%,0%,0.0,0,0%,0,0%,0,0
Christian Leroy Duncan,2025-08-04,N/A,N/A,N/A,,9.0,0%,0%,0.0,0,0%,0,0%,0,0
Christian Rodriguez,2025-08-04,N/A,N/A,N/A,2.0,30.0,0%,0%,0.0,0,0%,0,0%,0,0
Chris Barnett,2025-08-04,N/A,N/A,N/A,,2.0,0%,0%,0.0,0,0%,0,0%,0,0
Chris Curtis,2025-08-04,N/A,N/A,N/A,,1.0,0%,0%,0.0,0,0%,0,0%,0,0
Chris Duncan,2025-08-04,N/A,N/A,N/A,5.0,32.0,0%,0%,0.0,0,0%,0,0%,0,0
Chris Gutierrez,2025-08-04,N/A,N/A,N/A,,,0%,0%,0.0,0,0%,0,0%,0,0
Chris Padilla,2025-08-04,N/A,N/A,N/A,3.0,10.0,0%,0%,0.0,0,0%,0,0%,0,0
Ciryl Gane,2025-08-04,N/A,N/A,N/A,,32.0,0%,0%,0.0,0,0%,0,0%,0,0
Claudio Puelles,2025-08-04,N/A,N/A,N/A,,52.0,0%,0%,0.0,0,0%,0,0%,0,0
Clayton Carpenter,2025-08-04,N/A,N/A,N/A,,13.0,0%,0%,0.0,0,0%,0,0%,0,0
Cody Brundage,2025-08-04,N/A,N/A,N/A,1.0,21.0,0%,0%,0.0,0,0%,0,0%,0,0
Cody Durden,2025-08-04,N/A,N/A,N/A,9.0,71.0,0%,0%,0.0,0,0%,0,0%,0,0
Cody Garbrandt,2025-08-04,N/A,N/A,N/A,5.0,36.0,0%,0%,0.0,0,0%,0,0%,0,0
Cody Gibson,2025-08-04,N/A,N/A,N/A,5.0,37.0,0%,0%,0.0,0,0%,0,0%,0,0
Cody Haddon,2025-08-04,N/A,N/A,N/A,2.0,8.0,0%,0%,0.0,0,0%,0,0%,0,0
Colby Covington,2025-08-04,N/A,N/A,N/A,48.0,164.0,0%,0%,0.0,0,0%,0,0%,0,0
Colby Thicknesse,2025-08-04,N/A,N/A,N/A,,8.0,0%,0%,0.0,0,0%,0,0%,0,0
Cory Sandhagen,2025-08-04,N/A,N/A,N/A,1.0,52.0,0%,0%,0.0,0,0%,0,0%,0,0
Cristian Quiñonez,2025-08-04,N/A,N/A,N/A,,8.0,0%,0%,0.0,0,0%,0,0%,0,0
Cub Swanson,2025-08-04,N/A,N/A,N/A,11.0,52.0,0%,0%,0.0,0,0%,0,0%,0,0
Current Roster ufc,2025-08-04,N/A,N/A,N/A,,,0%,0%,0.0,0,0%,0,0%,0,0
Curtis Blaydes,2025-08-04,N/A,N/A,N/A,33.0,131.0,0%,0%,0.0,0,0%,0,0%,0,0
Daichi Kamiya ufc,2025-08-04,N/A,N/A,N/A,,,0%,0%,0.0,0,0%,0,0%,0,0
Damian Pinas ufc,2025-08-04,N/A,N/A,N/A,,,0%,0%,0.0,0,0%,0,0%,0,0
Damir Hadžović,2025-08-04,N/A,N/A,N/A,,11.0,0%,0%,0.0,0,0%,0,0%,0,0
Daniel Barez,2025-08-04,N/A,N/A,N/A,,21.0,0%,0%,0.0,0,0%,0,0%,0,0
Daniel Frunza,2025-08-04,N/A,N/A,N/A,,,0%,0%,0.0,0,0%,0,0%,0,0
Daniel Marcos,2025-08-04,N/A,N/A,N/A,,13.0,0%,0%,0.0,0,0%,0,0%,0,0
Daniel Rodriguez,2025-08-04,N/A,N/A,N/A,,12.0,0%,0%,0.0,0,0%,0,0%,0,0
Daniel Santos,2025-08-04,N/A,N/A,N/A,,28.0,0%,0%,0.0,0,0%,0,0%,0,0
Daniel Zellhuber,2025-08-04,N/A,N/A,N/A,,4.0,0%,0%,0.0,0,0%,0,0%,0,0
Danny Barlow,2025-08-04,N/A,N/A,N/A,,2.0,0%,0%,0.0,0,0%,0,0%,0,0
Danny Silva,2025-08-04,N/A,N/A,N/A,4.0,15.0,0%,0%,0.0,0,0%,0,0%,0,0
Dan Hooker,2025-08-04,N/A,N/A,N/A,3.0,32.0,0%,0%,0.0,0,0%,0,0%,0,0
Dan Ige,2025-08-04,N/A,N/A,N/A,2.0,62.0,0%,0%,0.0,0,0%,0,0%,0,0
Daria Zhelezniakova,2025-08-04,N/A,N/A,N/A,,1.0,0%,0%,0.0,0,0%,0,0%,0,0
Darren Elkins,2025-08-04,N/A,N/A,N/A,39.0,197.0,0%,0%,0.0,0,0%,0,0%,0,0
Darrius Flowers,2025-08-04,N/A,N/A,N/A,1.0,7.0,0%,0%,0.0,0,0%,0,0%,0,0
Davey Grant,2025-08-04,N/A,N/A,N/A,3.0,30.0,0%,0%,0.0,0,0%,0,0%,0,0
David Martinez,2025-08-04,N/A,N/A,N/A,,2.0,0%,0%,0.0,0,0%,0,0%,0,0
David Onama,2025-08-04,N/A,N/A,N/A,,23.0,0%,0%,0.0,0,0%,0,0%,0,0
David Teymur,2025-08-04,N/A,N/A,N/A,4.0,12.0,0%,0%,0.0,0,0%,0,0%,0,0
Deiveson Figueiredo,2025-08-04,N/A,N/A,N/A,7.0,77.0,0%,0%,0.0,0,0%,0,0%,0,0
Denise Gomes,2025-08-04,N/A,N/A,N/A,,19.0,0%,0%,0.0,0,0%,0,0%,0,0
Deni Daffa ufc,2025-08-04,N/A,N/A,N/A,,,0%,0%,0.0,0,0%,0,0%,0,0
Dennis Buzukja,2025-08-04,N/A,N/A,N/A,,11.0,0%,0%,0.0,0,0%,0,0%,0,0
Derrick Lewis,2025-08-04,N/A,N/A,N/A,5.0,38.0,0%,0%,0.0,0,0%,0,0%,0,0
Diego Ferreira,2025-08-04,N/A,N/A,N/A,1.0,30.0,0%,0%,0.0,0,0%,0,0%,0,0
Diego Lopes,2025-08-04,N/A,N/A,N/A,,5.0,0%,0%,0.0,0,0%,0,0%,0,0
Dione Barbosa,2025-08-04,N/A,N/A,N/A,2.0,15.0,0%,0%,0.0,0,0%,0,0%,0,0
Diyar Nurgozhay,2025-08-04,N/A,N/A,N/A,2.0,2.0,0%,0%,0.0,0,0%,0,0%,0,0
Dominick Reyes,2025-08-04,N/A,N/A,N/A,1.0,7.0,0%,0%,0.0,0,0%,0,0%,0,0
Dominic Mar Fan ufc,2025-08-04,N/A,N/A,N/A,,,0%,0%,0.0,0,0%,0,0%,0,0
Dooho Choi,2025-08-04,N/A,N/A,N/A,1.0,13.0,0%,0%,0.0,0,0%,0,0%,0,0
Drakkar Klose,2025-08-04,N/A,N/A,N/A,8.0,54.0,0%,0%,0.0,0,0%,0,0%,0,0
Drew Dober,2025-08-04,N/A,N/A,N/A,7.0,52.0,0%,0%,0.0,0,0%,0,0%,0,0
Dricus Du Plessis,2025-08-04,N/A,N/A,N/A,2.0,42.0,0%,0%,0.0,0,0%,0,0%,0,0
Duško Todorović,2025-08-04,N/A,N/A,N/A,2.0,45.0,0%,0%,0.0,0,0%,0,0%,0,0
Dustin Jacoby,2025-08-04,N/A,N/A,N/A,2.0,16.0,0%,0%,0.0,0,0%,0,0%,0,0
Dustin Poirier,2025-08-04,N/A,N/A,N/A,24.0,78.0,0%,0%,0.0,0,0%,0,0%,0,0
Dustin Stoltzfus,2025-08-04,N/A,N/A,N/A,4.0,34.0,0%,0%,0.0,0,0%,0,0%,0,0
Edgar Chairez,2025-08-04,N/A,N/A,N/A,,2.0,0%,0%,0.0,0,0%,0,0%,0,0
Edmen Shahbazyan,2025-08-04,N/A,N/A,N/A,8.0,32.0,0%,0%,0.0,0,0%,0,0%,0,0
Edson Barboza,2025-08-04,N/A,N/A,N/A,7.0,22.0,0%,0%,0.0,0,0%,0,0%,0,0
Eduarda Moura,2025-08-04,N/A,N/A,N/A,3.0,37.0,0%,0%,0.0,0,0%,0,0%,0,0
Elijah Smith,2025-08-04,N/A,N/A,N/A,3.0,15.0,0%,0%,0.0,0,0%,0,0%,0,0
Elise Reed,2025-08-04,N/A,N/A,N/A,,5.0,0%,0%,0.0,0,0%,0,0%,0,0
Elves Brener,2025-08-04,N/A,N/A,N/A,,21.0,0%,0%,0.0,0,0%,0,0%,0,0
Erik Silva,2025-08-04,N/A,N/A,N/A,3.0,5.0,0%,0%,0.0,0,0%,0,0%,0,0
Erin Blanchfield,2025-08-04,N/A,N/A,N/A,10.0,44.0,0%,0%,0.0,0,0%,0,0%,0,0
Ernesta Kareckaitė,2025-08-04,N/A,N/A,N/A,1.0,3.0,0%,0%,0.0,0,0%,0,0%,0,0
Eryk Anders,2025-08-04,N/A,N/A,N/A,6.0,102.0,0%,0%,0.0,0,0%,0,0%,0,0
Esteban Ribovics,2025-08-04,N/A,N/A,N/A,,3.0,0%,0%,0.0,0,0%,0,0%,0,0
Evan Elder,2025-08-04,N/A,N/A,N/A,,13.0,0%,0%,0.0,0,0%,0,0%,0,0
Farès Ziam,2025-08-04,N/A,N/A,N/A,,32.0,0%,0%,0.0,0,0%,0,0%,0,0
Farid Basharat,2025-08-04,N/A,N/A,N/A,3.0,38.0,0%,0%,0.0,0,0%,0,0%,0,0
Fatima Kline,2025-08-04,N/A,N/A,N/A,1.0,5.0,0%,0%,0.0,0,0%,0,0%,0,0
Felipe Bunes,2025-08-04,N/A,N/A,N/A,2.0,8.0,0%,0%,0.0,0,0%,0,0%,0,0
Felipe Lima,2025-08-04,N/A,N/A,N/A,1.0,22.0,0%,0%,0.0,0,0%,0,0%,0,0
Feng Xiaocan,2025-08-04,N/A,N/A,N/A,,2.0,0%,0%,0.0,0,0%,0,0%,0,0
Fernando Padilla,2025-08-04,N/A,N/A,N/A,,1.0,0%,0%,0.0,0,0%,0,0%,0,0
Former Roster ufc,2025-08-04,N/A,N/A,N/A,,,0%,0%,0.0,0,0%,0,0%,0,0
Francisco Prado,2025-08-04,N/A,N/A,N/A,,21.0,0%,0%,0.0,0,0%,0,0%,0,0
Francis Marshall,2025-08-04,N/A,N/A,N/A,1.0,29.0,0%,0%,0.0,0,0%,0,0%,0,0
Frankie Saenz,2025-08-04,N/A,N/A,N/A,14.0,47.0,0%,0%,0.0,0,0%,0,0%,0,0
Gabe Green,2025-08-04,N/A,N/A,N/A,2.0,6.0,0%,0%,0.0,0,0%,0,0%,0,0
Gabriella Fernandes,2025-08-04,N/A,N/A,N/A,,11.0,0%,0%,0.0,0,0%,0,0%,0,0
Gabriel Bonfim,2025-08-04,N/A,N/A,N/A,,27.0,0%,0%,0.0,0,0%,0,0%,0,0
Gabriel Santos,2025-08-04,N/A,N/A,N/A,5.0,24.0,0%,0%,0.0,0,0%,0,0%,0,0
Garrett Armfield,2025-08-04,N/A,N/A,N/A,,8.0,0%,0%,0.0,0,0%,0,0%,0,0
Gaston Bolanos,2025-08-04,N/A,N/A,N/A,,2.0,0%,0%,0.0,0,0%,0,0%,0,0
Gauge Young,2025-08-04,N/A,N/A,N/A,,4.0,0%,0%,0.0,0,0%,0,0%,0,0
Gavin Tucker,2025-08-04,N/A,N/A,N/A,1.0,34.0,0%,0%,0.0,0,0%,0,0%,0,0
Geoff Neal,2025-08-04,N/A,N/A,N/A,,10.0,0%,0%,0.0,0,0%,0,0%,0,0
George Mangos ufc,2025-08-04,N/A,N/A,N/A,,,0%,0%,0.0,0,0%,0,0%,0,0
Gerald Meerschaert,2025-08-04,N/A,N/A,N/A,6.0,79.0,0%,0%,0.0,0,0%,0,0%,0,0
Giga Chikadze,2025-08-04,N/A,N/A,N/A,1.0,6.0,0%,0%,0.0,0,0%,0,0%,0,0
Gilbert Burns,2025-08-04,N/A,N/A,N/A,13.0,111.0,0%,0%,0.0,0,0%,0,0%,0,0
Gilbert Urbina,2025-08-04,N/A,N/A,N/A,2.0,9.0,0%,0%,0.0,0,0%,0,0%,0,0
Gillian Robertson,2025-08-04,N/A,N/A,N/A,3.0,86.0,0%,0%,0.0,0,0%,0,0%,0,0
Grant Dawson,2025-08-04,N/A,N/A,N/A,,101.0,0%,0%,0.0,0,0%,0,0%,0,0
Gregory Rodrigues,2025-08-04,N/A,N/A,N/A,7.0,39.0,0%,0%,0.0,0,0%,0,0%,0,0
Gunnar Nelson,2025-08-04,N/A,N/A,N/A,10.0,42.0,0%,0%,0.0,0,0%,0,0%,0,0
Hailey Cowan,2025-08-04,N/A,N/A,N/A,2.0,11.0,0%,0%,0.0,0,0%,0,0%,0,0
Hamdy Abdelwahab,2025-08-04,N/A,N/A,N/A,3.0,6.0,0%,0%,0.0,0,0%,0,0%,0,0
Henry Cejudo,2025-08-04,N/A,N/A,N/A,19.0,80.0,0%,0%,0.0,0,0%,0,0%,0,0
Hyder Amil,2025-08-04,N/A,N/A,N/A,1.0,10.0,0%,0%,0.0,0,0%,0,0%,0,0
Ian Machado Garry ufc,2025-08-04,N/A,N/A,N/A,,,0%,0%,0.0,0,0%,0,0%,0,0
Iasmin Lucindo,2025-08-04,N/A,N/A,N/A,,20.0,0%,0%,0.0,0,0%,0,0%,0,0
Ibo Aslan,2025-08-04,N/A,N/A,N/A,,,0%,0%,0.0,0,0%,0,0%,0,0
Ignacio Bahamondes,2025-08-04,N/A,N/A,N/A,,8.0,0%,0%,0.0,0,0%,0,0%,0,0
Ikram Aliskerov,2025-08-04,N/A,N/A,N/A,,3.0,0%,0%,0.0,0,0%,0,0%,0,0
Ilian Bouafia ufc,2025-08-04,N/A,N/A,N/A,,,0%,0%,0.0,0,0%,0,0%,0,0
Ilia Topuria,2025-08-04,N/A,N/A,N/A,5.0,18.0,0%,0%,0.0,0,0%,0,0%,0,0
Ion Cutelaba,2025-08-04,N/A,N/A,N/A,6.0,79.0,0%,0%,0.0,0,0%,0,0%,0,0
Irene Aldana,2025-08-04,N/A,N/A,N/A,2.0,4.0,0%,0%,0.0,0,0%,0,0%,0,0
Irina Alekseeva,2025-08-04,N/A,N/A,N/A,,5.0,0%,0%,0.0,0,0%,0,0%,0,0
Isaac Dulgarian,2025-08-04,N/A,N/A,N/A,1.0,19.0,0%,0%,0.0,0,0%,0,0%,0,0
Islam Dulatov,2025-08-04,N/A,N/A,N/A,,1.0,0%,0%,0.0,0,0%,0,0%,0,0
Islam Makhachev,2025-08-04,N/A,N/A,N/A,13.0,69.0,0%,0%,0.0,0,0%,0,0%,0,0
Ismael Bonfim,2025-08-04,N/A,N/A,N/A,1.0,9.0,0%,0%,0.0,0,0%,0,0%,0,0
Ismail Naurdiev,2025-08-04,N/A,N/A,N/A,,22.0,0%,0%,0.0,0,0%,0,0%,0,0
Israel Adesanya,2025-08-04,N/A,N/A,N/A,,9.0,0%,0%,0.0,0,0%,0,0%,0,0
Ivan Erslan,2025-08-04,N/A,N/A,N/A,1.0,5.0,0%,0%,0.0,0,0%,0,0%,0,0
Jack Becker ufc,2025-08-04,N/A,N/A,N/A,,,0%,0%,0.0,0,0%,0,0%,0,0
Jack Della Maddalena,2025-08-04,N/A,N/A,N/A,,,0%,0%,0.0,0,0%,0,0%,0,0
Jack Hermansson,2025-08-04,N/A,N/A,N/A,6.0,67.0,0%,0%,0.0,0,0%,0,0%,0,0
Jack Jenkins,2025-08-04,N/A,N/A,N/A,4.0,14.0,0%,0%,0.0,0,0%,0,0%,0,0
Jacobe Smith,2025-08-04,N/A,N/A,N/A,,10.0,0%,0%,0.0,0,0%,0,0%,0,0
Jacob Malkoun,2025-08-04,N/A,N/A,N/A,14.0,73.0,0%,0%,0.0,0,0%,0,0%,0,0
Jacqueline Cavalcanti,2025-08-04,N/A,N/A,N/A,,2.0,0%,0%,0.0,0,0%,0,0%,0,0
Jafel Filho,2025-08-04,N/A,N/A,N/A,,19.0,0%,0%,0.0,0,0%,0,0%,0,0
Jailton Almeida,2025-08-04,N/A,N/A,N/A,2.0,50.0,0%,0%,0.0,0,0%,0,0%,0,0
Jai Herbert,2025-08-04,N/A,N/A,N/A,,14.0,0%,0%,0.0,0,0%,0,0%,0,0
Jake Matthews,2025-08-04,N/A,N/A,N/A,17.0,59.0,0%,0%,0.0,0,0%,0,0%,0,0
Jamahal Hill,2025-08-04,N/A,N/A,N/A,,,0%,0%,0.0,0,0%,0,0%,0,0
Jamall Emmers,2025-08-04,N/A,N/A,N/A,7.0,22.0,0%,0%,0.0,0,0%,0,0%,0,0
Jamie Mullarkey,2025-08-04,N/A,N/A,N/A,3.0,47.0,0%,0%,0.0,0,0%,0,0%,0,0
Jan Błachowicz,2025-08-04,N/A,N/A,N/A,12.0,39.0,0%,0%,0.0,0,0%,0,0%,0,0
Jaqueline Amorim,2025-08-04,N/A,N/A,N/A,2.0,16.0,0%,0%,0.0,0,0%,0,0%,0,0
Jared Cannonier,2025-08-04,N/A,N/A,N/A,1.0,18.0,0%,0%,0.0,0,0%,0,0%,0,0
Jared Gordon,2025-08-04,N/A,N/A,N/A,6.0,64.0,0%,0%,0.0,0,0%,0,0%,0,0
Jasmine Jasudavicius,2025-08-04,N/A,N/A,N/A,2.0,58.0,0%,0%,0.0,0,0%,0,0%,0,0
Javid Basharat,2025-08-04,N/A,N/A,N/A,,22.0,0%,0%,0.0,0,0%,0,0%,0,0
Jean Matsumoto,2025-08-04,N/A,N/A,N/A,2.0,21.0,0%,0%,0.0,0,0%,0,0%,0,0
Jean Silva,2025-08-04,N/A,N/A,N/A,1.0,4.0,0%,0%,0.0,0,0%,0,0%,0,0
Jeremiah Wells,2025-08-04,N/A,N/A,N/A,1.0,25.0,0%,0%,0.0,0,0%,0,0%,0,0
Jeremy Stephens,2025-08-04,N/A,N/A,N/A,27.0,78.0,0%,0%,0.0,0,0%,0,0%,0,0
Jéssica Andrade,2025-08-04,N/A,N/A,N/A,33.0,73.0,0%,0%,0.0,0,0%,0,0%,0,0
Jesus Aguilar,2025-08-04,N/A,N/A,N/A,,17.0,0%,0%,0.0,0,0%,0,0%,0,0
Jhonata Diniz,2025-08-04,N/A,N/A,N/A,,,0%,0%,0.0,0,0%,0,0%,0,0
Jimmy Crute,2025-08-04,N/A,N/A,N/A,1.0,42.0,0%,0%,0.0,0,0%,0,0%,0,0
Jimmy Drago ufc,2025-08-04,N/A,N/A,N/A,,,0%,0%,0.0,0,0%,0,0%,0,0
Jim Miller,2025-08-04,N/A,N/A,N/A,36.0,100.0,0%,0%,0.0,0,0%,0,0%,0,0
Jin Aoi ufc,2025-08-04,N/A,N/A,N/A,,,0%,0%,0.0,0,0%,0,0%,0,0
Jiří Procházka,2025-08-04,N/A,N/A,N/A,1.0,5.0,0%,0%,0.0,0,0%,0,0%,0,0
Joanderson Brito,2025-08-04,N/A,N/A,N/A,2.0,19.0,0%,0%,0.0,0,0%,0,0%,0,0
Joaquim Silva,2025-08-04,N/A,N/A,N/A,,6.0,0%,0%,0.0,0,0%,0,0%,0,0
Joaquin Buckley,2025-08-04,N/A,N/A,N/A,7.0,42.0,0%,0%,0.0,0,0%,0,0%,0,0
Joel Álvarez,2025-08-04,N/A,N/A,N/A,,2.0,0%,0%,0.0,0,0%,0,0%,0,0
Joe Lauzon,2025-08-04,N/A,N/A,N/A,33.0,75.0,0%,0%,0.0,0,0%,0,0%,0,0
Joe Pyfer,2025-08-04,N/A,N/A,N/A,,14.0,0%,0%,0.0,0,0%,0,0%,0,0
Johnny Walker,2025-08-04,N/A,N/A,N/A,,3.0,0%,0%,0.0,0,0%,0,0%,0,0
John Castaneda,2025-08-04,N/A,N/A,N/A,,35.0,0%,0%,0.0,0,0%,0,0%,0,0
Jonathan Martinez,2025-08-04,N/A,N/A,N/A,1.0,14.0,0%,0%,0.0,0,0%,0,0%,0,0
Jonathan Micallef,2025-08-04,N/A,N/A,N/A,,2.0,0%,0%,0.0,0,0%,0,0%,0,0
Jonny Parsons,2025-08-04,N/A,N/A,N/A,,3.0,0%,0%,0.0,0,0%,0,0%,0,0
Jordan Leavitt,2025-08-04,N/A,N/A,N/A,4.0,36.0,0%,0%,0.0,0,0%,0,0%,0,0
Jordan Vucenic,2025-08-04,N/A,N/A,N/A,,7.0,0%,0%,0.0,0,0%,0,0%,0,0
Joselyne Edwards,2025-08-04,N/A,N/A,N/A,1.0,29.0,0%,0%,0.0,0,0%,0,0%,0,0
Jose Daniel Medina,2025-08-04,N/A,N/A,N/A,1.0,3.0,0%,0%,0.0,0,0%,0,0%,0,0
Jose Miguel Delgado,2025-08-04,N/A,N/A,N/A,,5.0,0%,0%,0.0,0,0%,0,0%,0,0
Jose Ochoa,2025-08-04,N/A,N/A,N/A,,2.0,0%,0%,0.0,0,0%,0,0%,0,0
Joshua Van,2025-08-04,N/A,N/A,N/A,,11.0,0%,0%,0.0,0,0%,0,0%,0,0
Josh Emmett,2025-08-04,N/A,N/A,N/A,9.0,40.0,0%,0%,0.0,0,0%,0,0%,0,0
Josiane Nunes,2025-08-04,N/A,N/A,N/A,,1.0,0%,0%,0.0,0,0%,0,0%,0,0
Josias Musasa,2025-08-04,N/A,N/A,N/A,,2.0,0%,0%,0.0,0,0%,0,0%,0,0
Juliana Miller,2025-08-04,N/A,N/A,N/A,4.0,18.0,0%,0%,0.0,0,0%,0,0%,0,0
Julianna Peña,2025-08-04,N/A,N/A,N/A,9.0,33.0,0%,0%,0.0,0,0%,0,0%,0,0
Julian Erosa,2025-08-04,N/A,N/A,N/A,3.0,39.0,0%,0%,0.0,0,0%,0,0%,0,0
Julia Polastri,2025-08-04,N/A,N/A,N/A,3.0,5.0,0%,0%,0.0,0,0%,0,0%,0,0
Julija Stoliarenko,2025-08-04,N/A,N/A,N/A,,18.0,0%,0%,0.0,0,0%,0,0%,0,0
Julius Walker,2025-08-04,N/A,N/A,N/A,1.0,9.0,0%,0%,0.0,0,0%,0,0%,0,0
Junior Tafa,2025-08-04,N/A,N/A,N/A,,,0%,0%,0.0,0,0%,0,0%,0,0
Justin Gaethje,2025-08-04,N/A,N/A,N/A,,7.0,0%,0%,0.0,0,0%,0,0%,0,0
Justin Tafa,2025-08-04,N/A,N/A,N/A,,2.0,0%,0%,0.0,0,0%,0,0%,0,0
Kaan Ofli,2025-08-04,N/A,N/A,N/A,,6.0,0%,0%,0.0,0,0%,0,0%,0,0
Kai Asakura,2025-08-04,N/A,N/A,N/A,,,0%,0%,0.0,0,0%,0,0%,0,0
Kai Yoshida ufc,2025-08-04,N/A,N/A,N/A,,,0%,0%,0.0,0,0%,0,0%,0,0
Kamaru Usman,2025-08-04,N/A,N/A,N/A,28.0,143.0,0%,0%,0.0,0,0%,0,0%,0,0
Karine Silva,2025-08-04,N/A,N/A,N/A,1.0,18.0,0%,0%,0.0,0,0%,0,0%,0,0
Karolina Kowalkiewicz,2025-08-04,N/A,N/A,N/A,1.0,22.0,0%,0%,0.0,0,0%,0,0%,0,0
Karol Rosa,2025-08-04,N/A,N/A,N/A,,26.0,0%,0%,0.0,0,0%,0,0%,0,0
Katlyn Cerminara,2025-08-04,N/A,N/A,N/A,,32.0,0%,0%,0.0,0,0%,0,0%,0,0
Kauê Fernandes,2025-08-04,N/A,N/A,N/A,,,0%,0%,0.0,0,0%,0,0%,0,0
Kayla Harrison,2025-08-04,N/A,N/A,N/A,2.0,16.0,0%,0%,0.0,0,0%,0,0%,0,0
Keiichiro Nakamura ufc,2025-08-04,N/A,N/A,N/A,,,0%,0%,0.0,0,0%,0,0%,0,0
Kelvin Gastelum,2025-08-04,N/A,N/A,N/A,9.0,67.0,0%,0%,0.0,0,0%,0,0%,0,0
Kennedy Freeman,2025-08-04,N/A,N/A,N/A,,,0%,0%,0.0,0,0%,0,0%,0,0
Kennedy Nzechukwu,2025-08-04,N/A,N/A,N/A,,11.0,0%,0%,0.0,0,0%,0,0%,0,0
Ketlen Souza,2025-08-04,N/A,N/A,N/A,,4.0,0%,0%,0.0,0,0%,0,0%,0,0
Ketlen Vieira,2025-08-04,N/A,N/A,N/A,8.0,39.0,0%,0%,0.0,0,0%,0,0%,0,0
Kevin Borjas,2025-08-04,N/A,N/A,N/A,,5.0,0%,0%,0.0,0,0%,0,0%,0,0
Kevin Holland,2025-08-04,N/A,N/A,N/A,,42.0,0%,0%,0.0,0,0%,0,0%,0,0
Kevin Vallejos,2025-08-04,N/A,N/A,N/A,,1.0,0%,0%,0.0,0,0%,0,0%,0,0
Khamzat Chimaev,2025-08-04,N/A,N/A,N/A,4.0,30.0,0%,0%,0.0,0,0%,0,0%,0,0
Khaos Williams,2025-08-04,N/A,N/A,N/A,,2.0,0%,0%,0.0,0,0%,0,0%,0,0
Kiefer Crosbie,2025-08-04,N/A,N/A,N/A,1.0,5.0,0%,0%,0.0,0,0%,0,0%,0,0
King Green ufc,2025-08-04,N/A,N/A,N/A,,,0%,0%,0.0,0,0%,0,0%,0,0
Kiru Sahota ufc,2025-08-04,N/A,N/A,N/A,,,0%,0%,0.0,0,0%,0,0%,0,0
Kitt Campbell,2025-08-04,N/A,N/A,N/A,,,0%,0%,0.0,0,0%,0,0%,0,0
Klaudia Syguła,2025-08-04,N/A,N/A,N/A,,5.0,0%,0%,0.0,0,0%,0,0%,0,0
Kody Steele,2025-08-04,N/A,N/A,N/A,1.0,7.0,0%,0%,0.0,0,0%,0,0%,0,0
Kris Moutinho,2025-08-04,N/A,N/A,N/A,,1.0,0%,0%,0.0,0,0%,0,0%,0,0
Kurt Holobaugh,2025-08-04,N/A,N/A,N/A,2.0,15.0,0%,0%,0.0,0,0%,0,0%,0,0
Kuya Ito ufc,2025-08-04,N/A,N/A,N/A,,,0%,0%,0.0,0,0%,0,0%,0,0
Kyler Phillips,2025-08-04,N/A,N/A,N/A,14.0,42.0,0%,0%,0.0,0,0%,0,0%,0,0
Kyle Nelson,2025-08-04,N/A,N/A,N/A,2.0,34.0,0%,0%,0.0,0,0%,0,0%,0,0
Kyle Prepolec,2025-08-04,N/A,N/A,N/A,,4.0,0%,0%,0.0,0,0%,0,0%,0,0
Lando Vannata,2025-08-04,N/A,N/A,N/A,6.0,29.0,0%,0%,0.0,0,0%,0,0%,0,0
Lauren Murphy,2025-08-04,N/A,N/A,N/A,6.0,65.0,0%,0%,0.0,0,0%,0,0%,0,0
Lawrence Lui ufc,2025-08-04,N/A,N/A,N/A,,,0%,0%,0.0,0,0%,0,0%,0,0
Leon Edwards,2025-08-04,N/A,N/A,N/A,12.0,72.0,0%,0%,0.0,0,0%,0,0%,0,0
Lerone Murphy,2025-08-04,N/A,N/A,N/A,,24.0,0%,0%,0.0,0,0%,0,0%,0,0
Light Heavyweight ufc,2025-08-04,N/A,N/A,N/A,,,0%,0%,0.0,0,0%,0,0%,0,0
Li Jingliang,2025-08-04,N/A,N/A,N/A,8.0,36.0,0%,0%,0.0,0,0%,0,0%,0,0
Loik Radzhabov,2025-08-04,N/A,N/A,N/A,11.0,26.0,0%,0%,0.0,0,0%,0,0%,0,0
Loma Lookboonmee,2025-08-04,N/A,N/A,N/A,1.0,33.0,0%,0%,0.0,0,0%,0,0%,0,0
Loopy Godinez,2025-08-04,N/A,N/A,N/A,15.0,78.0,0%,0%,0.0,0,0%,0,0%,0,0
Luana Carolina,2025-08-04,N/A,N/A,N/A,,8.0,0%,0%,0.0,0,0%,0,0%,0,0
Luana Pinheiro,2025-08-04,N/A,N/A,N/A,7.0,37.0,0%,0%,0.0,0,0%,0,0%,0,0
Luana Santos,2025-08-04,N/A,N/A,N/A,,12.0,0%,0%,0.0,0,0%,0,0%,0,0
Luan Lacerda,2025-08-04,N/A,N/A,N/A,1.0,8.0,0%,0%,0.0,0,0%,0,0%,0,0
Lucas Almeida,2025-08-04,N/A,N/A,N/A,,1.0,0%,0%,0.0,0,0%,0,0%,0,0
Lucas Rocha,2025-08-04,N/A,N/A,N/A,,,0%,0%,0.0,0,0%,0,0%,0,0
Ludovit Klein,2025-08-04,N/A,N/A,N/A,4.0,27.0,0%,0%,0.0,0,0%,0,0%,0,0
Luis Gurule,2025-08-04,N/A,N/A,N/A,1.0,6.0,0%,0%,0.0,0,0%,0,0%,0,0
Lukasz Brzeski,2025-08-04,N/A,N/A,N/A,,6.0,0%,0%,0.0,0,0%,0,0%,0,0
Lyman Good,2025-08-04,N/A,N/A,N/A,1.0,1.0,0%,0%,0.0,0,0%,0,0%,0,0
Mackenzie Dern,2025-08-04,N/A,N/A,N/A,1.0,68.0,0%,0%,0.0,0,0%,0,0%,0,0
Macy Chiasson,2025-08-04,N/A,N/A,N/A,,48.0,0%,0%,0.0,0,0%,0,0%,0,0
Magomed Ankalaev,2025-08-04,N/A,N/A,N/A,,44.0,0%,0%,0.0,0,0%,0,0%,0,0
Mairon Santos ufc,2025-08-04,N/A,N/A,N/A,,,0%,0%,0.0,0,0%,0,0%,0,0
Malcolm Wellmaker,2025-08-04,N/A,N/A,N/A,,1.0,0%,0%,0.0,0,0%,0,0%,0,0
Mandel Nallo ufc,2025-08-04,N/A,N/A,N/A,,,0%,0%,0.0,0,0%,0,0%,0,0
Manel Kape,2025-08-04,N/A,N/A,N/A,2.0,10.0,0%,0%,0.0,0,0%,0,0%,0,0
Manolo Zecchini,2025-08-04,N/A,N/A,N/A,,,0%,0%,0.0,0,0%,0,0%,0,0
Manon Fiorot,2025-08-04,N/A,N/A,N/A,1.0,29.0,0%,0%,0.0,0,0%,0,0%,0,0
Mansher Khera ufc,2025-08-04,N/A,N/A,N/A,,,0%,0%,0.0,0,0%,0,0%,0,0
Manuel Torres,2025-08-04,N/A,N/A,N/A,,3.0,0%,0%,0.0,0,0%,0,0%,0,0
Marcin Prachnio,2025-08-04,N/A,N/A,N/A,,5.0,0%,0%,0.0,0,0%,0,0%,0,0
Marcin Tybura,2025-08-04,N/A,N/A,N/A,11.0,68.0,0%,0%,0.0,0,0%,0,0%,0,0
Marco Tulio,2025-08-04,N/A,N/A,N/A,,10.0,0%,0%,0.0,0,0%,0,0%,0,0
Mario Bautista,2025-08-04,N/A,N/A,N/A,1.0,39.0,0%,0%,0.0,0,0%,0,0%,0,0
Mario Pinto,2025-08-04,N/A,N/A,N/A,,1.0,0%,0%,0.0,0,0%,0,0%,0,0
Mark Choinski,2025-08-04,N/A,N/A,N/A,2.0,11.0,0%,0%,0.0,0,0%,0,0%,0,0
Marlon Vera,2025-08-04,N/A,N/A,N/A,,28.0,0%,0%,0.0,0,0%,0,0%,0,0
Marnic Mann,2025-08-04,N/A,N/A,N/A,,15.0,0%,0%,0.0,0,0%,0,0%,0,0
Martin Buday,2025-08-04,N/A,N/A,N/A,,5.0,0%,0%,0.0,0,0%,0,0%,0,0
Marvin Vettori,2025-08-04,N/A,N/A,N/A,7.0,62.0,0%,0%,0.0,0,0%,0,0%,0,0
Maryna Moroz,2025-08-04,N/A,N/A,N/A,1.0,29.0,0%,0%,0.0,0,0%,0,0%,0,0
Mason Jones,2025-08-04,N/A,N/A,N/A,11.0,36.0,0%,0%,0.0,0,0%,0,0%,0,0
Mateusz Gamrot,2025-08-04,N/A,N/A,N/A,12.0,133.0,0%,0%,0.0,0,0%,0,0%,0,0
Mateusz Rębecki,2025-08-04,N/A,N/A,N/A,3.0,20.0,0%,0%,0.0,0,0%,0,0%,0,0
Matheus Camilo,2025-08-04,N/A,N/A,N/A,2.0,3.0,0%,0%,0.0,0,0%,0,0%,0,0
Matt Brown,2025-08-04,N/A,N/A,N/A,23.0,66.0,0%,0%,0.0,0,0%,0,0%,0,0
Matt Frevola,2025-08-04,N/A,N/A,N/A,,38.0,0%,0%,0.0,0,0%,0,0%,0,0
Matt Schnell,2025-08-04,N/A,N/A,N/A,1.0,10.0,0%,0%,0.0,0,0%,0,0%,0,0
Mauricio Ruffy,2025-08-04,N/A,N/A,N/A,,1.0,0%,0%,0.0,0,0%,0,0%,0,0
Max Griffin,2025-08-04,N/A,N/A,N/A,9.0,49.0,0%,0%,0.0,0,0%,0,0%,0,0
Max Holloway,2025-08-04,N/A,N/A,N/A,4.0,15.0,0%,0%,0.0,0,0%,0,0%,0,0
Maycee Barber,2025-08-04,N/A,N/A,N/A,1.0,32.0,0%,0%,0.0,0,0%,0,0%,0,0
Mayra Bueno Silva,2025-08-04,N/A,N/A,N/A,,17.0,0%,0%,0.0,0,0%,0,0%,0,0
Melissa Gatto,2025-08-04,N/A,N/A,N/A,1.0,21.0,0%,0%,0.0,0,0%,0,0%,0,0
Melissa Martinez,2025-08-04,N/A,N/A,N/A,1.0,2.0,0%,0%,0.0,0,0%,0,0%,0,0
Melissa Mullins,2025-08-04,N/A,N/A,N/A,,14.0,0%,0%,0.0,0,0%,0,0%,0,0
Melquizael Costa,2025-08-04,N/A,N/A,N/A,,26.0,0%,0%,0.0,0,0%,0,0%,0,0
Melsik Baghdasaryan,2025-08-04,N/A,N/A,N/A,,2.0,0%,0%,0.0,0,0%,0,0%,0,0
Merab Dvalishvili,2025-08-04,N/A,N/A,N/A,17.0,272.0,0%,0%,0.0,0,0%,0,0%,0,0
Michael Chandler,2025-08-04,N/A,N/A,N/A,1.0,34.0,0%,0%,0.0,0,0%,0,0%,0,0
Michael Chiesa,2025-08-04,N/A,N/A,N/A,17.0,86.0,0%,0%,0.0,0,0%,0,0%,0,0
Michael Johnson,2025-08-04,N/A,N/A,N/A,8.0,36.0,0%,0%,0.0,0,0%,0,0%,0,0
Michael Morales,2025-08-04,N/A,N/A,N/A,,12.0,0%,0%,0.0,0,0%,0,0%,0,0
Michael Page,2025-08-04,N/A,N/A,N/A,,5.0,0%,0%,0.0,0,0%,0,0%,0,0
Michal Oleksiejczuk,2025-08-04,N/A,N/A,N/A,2.0,16.0,0%,0%,0.0,0,0%,0,0%,0,0
Michel Pereira,2025-08-04,N/A,N/A,N/A,,21.0,0%,0%,0.0,0,0%,0,0%,0,0
Mickey Gall,2025-08-04,N/A,N/A,N/A,4.0,25.0,0%,0%,0.0,0,0%,0,0%,0,0
Mick Parkin,2025-08-04,N/A,N/A,N/A,,13.0,0%,0%,0.0,0,0%,0,0%,0,0
Miesha Tate,2025-08-04,N/A,N/A,N/A,14.0,120.0,0%,0%,0.0,0,0%,0,0%,0,0
Mike Davis,2025-08-04,N/A,N/A,N/A,,,0%,0%,0.0,0,0%,0,0%,0,0
Mike Malott,2025-08-04,N/A,N/A,N/A,,16.0,0%,0%,0.0,0,0%,0,0%,0,0
Miles Johns,2025-08-04,N/A,N/A,N/A,1.0,44.0,0%,0%,0.0,0,0%,0,0%,0,0
Miranda Maverick,2025-08-04,N/A,N/A,N/A,8.0,57.0,0%,0%,0.0,0,0%,0,0%,0,0
Mitch Ramirez,2025-08-04,N/A,N/A,N/A,,3.0,0%,0%,0.0,0,0%,0,0%,0,0
Mitch Raposo,2025-08-04,N/A,N/A,N/A,1.0,24.0,0%,0%,0.0,0,0%,0,0%,0,0
Modestas Bukauskas,2025-08-04,N/A,N/A,N/A,,3.0,0%,0%,0.0,0,0%,0,0%,0,0
Mohammad Yahya,2025-08-04,N/A,N/A,N/A,1.0,5.0,0%,0%,0.0,0,0%,0,0%,0,0
Mohammed Usman,2025-08-04,N/A,N/A,N/A,,21.0,0%,0%,0.0,0,0%,0,0%,0,0
Montel Jackson,2025-08-04,N/A,N/A,N/A,2.0,43.0,0%,0%,0.0,0,0%,0,0%,0,0
Montserrat Conejo Ruiz ufc,2025-08-04,N/A,N/A,N/A,,,0%,0%,0.0,0,0%,0,0%,0,0
Montserrat Rendon,2025-08-04,N/A,N/A,N/A,3.0,11.0,0%,0%,0.0,0,0%,0,0%,0,0
Morgan Charriere,2025-08-04,N/A,N/A,N/A,,15.0,0%,0%,0.0,0,0%,0,0%,0,0
Movsar Evloev,2025-08-04,N/A,N/A,N/A,5.0,87.0,0%,0%,0.0,0,0%,0,0%,0,0
Mridul Saikia ufc,2025-08-04,N/A,N/A,N/A,,,0%,0%,0.0,0,0%,0,0%,0,0
Muhammad Naimov,2025-08-04,N/A,N/A,N/A,,25.0,0%,0%,0.0,0,0%,0,0%,0,0
Muin Gafurov,2025-08-04,N/A,N/A,N/A,,23.0,0%,0%,0.0,0,0%,0,0%,0,0
Muslim Salikhov,2025-08-04,N/A,N/A,N/A,,28.0,0%,0%,0.0,0,0%,0,0%,0,0
Myktybek Orolbai,2025-08-04,N/A,N/A,N/A,,,0%,0%,0.0,0,0%,0,0%,0,0
Namsrai Batbayar ufc,2025-08-04,N/A,N/A,N/A,,,0%,0%,0.0,0,0%,0,0%,0,0
Nasrat Haqparast,2025-08-04,N/A,N/A,N/A,1.0,20.0,0%,0%,0.0,0,0%,0,0%,0,0
Nassourdine Imavov,2025-08-04,N/A,N/A,N/A,2.0,28.0,0%,0%,0.0,0,0%,0,0%,0,0
Natalia Silva,2025-08-04,N/A,N/A,N/A,2.0,8.0,0%,0%,0.0,0,0%,0,0%,0,0
Nate Landwehr,2025-08-04,N/A,N/A,N/A,,12.0,0%,0%,0.0,0,0%,0,0%,0,0
Nathaniel Wood,2025-08-04,N/A,N/A,N/A,,31.0,0%,0%,0.0,0,0%,0,0%,0,0
Nathan Fletcher,2025-08-04,N/A,N/A,N/A,4.0,13.0,0%,0%,0.0,0,0%,0,0%,0,0
Navajo Stirling,2025-08-04,N/A,N/A,N/A,,10.0,0%,0%,0.0,0,0%,0,0%,0,0
Nazim Sadykhov,2025-08-04,N/A,N/A,N/A,1.0,9.0,0%,0%,0.0,0,0%,0,0%,0,0
Neemias Santana ufc,2025-08-04,N/A,N/A,N/A,,,0%,0%,0.0,0,0%,0,0%,0,0
Neil Magny,2025-08-04,N/A,N/A,N/A,41.0,153.0,0%,0%,0.0,0,0%,0,0%,0,0
Nick Diaz,2025-08-04,N/A,N/A,N/A,14.0,85.0,0%,0%,0.0,0,0%,0,0%,0,0
Nick Klein,2025-08-04,N/A,N/A,N/A,1.0,10.0,0%,0%,0.0,0,0%,0,0%,0,0
Nicolae Negumereanu,2025-08-04,N/A,N/A,N/A,,14.0,0%,0%,0.0,0,0%,0,0%,0,0
Nicolas Dalby,2025-08-04,N/A,N/A,N/A,8.0,43.0,0%,0%,0.0,0,0%,0,0%,0,0
Nicolle Caliari,2025-08-04,N/A,N/A,N/A,3.0,25.0,0%,0%,0.0,0,0%,0,0%,0,0
Nikita Krylov,2025-08-04,N/A,N/A,N/A,1.0,50.0,0%,0%,0.0,0,0%,0,0%,0,0
Nikolas Motta,2025-08-04,N/A,N/A,N/A,,,0%,0%,0.0,0,0%,0,0%,0,0
Nikolay Veretennikov,2025-08-04,N/A,N/A,N/A,,11.0,0%,0%,0.0,0,0%,0,0%,0,0
Niko Price,2025-08-04,N/A,N/A,N/A,4.0,39.0,0%,0%,0.0,0,0%,0,0%,0,0
Nora Cornolle,2025-08-04,N/A,N/A,N/A,,9.0,0%,0%,0.0,0,0%,0,0%,0,0
Norma Dumont,2025-08-04,N/A,N/A,N/A,5.0,30.0,0%,0%,0.0,0,0%,0,0%,0,0
Nursulton Ruziboev,2025-08-04,N/A,N/A,N/A,1.0,3.0,0%,0%,0.0,0,0%,0,0%,0,0
Nurullo Aliev,2025-08-04,N/A,N/A,N/A,3.0,11.0,0%,0%,0.0,0,0%,0,0%,0,0
Nyamjargal Tumendemberel,2025-08-04,N/A,N/A,N/A,,16.0,0%,0%,0.0,0,0%,0,0%,0,0
Oban Elliott,2025-08-04,N/A,N/A,N/A,3.0,18.0,0%,0%,0.0,0,0%,0,0%,0,0
Ode Osbourne,2025-08-04,N/A,N/A,N/A,,21.0,0%,0%,0.0,0,0%,0,0%,0,0
Ottman Azaitar,2025-08-04,N/A,N/A,N/A,,,0%,0%,0.0,0,0%,0,0%,0,0
Oumar Sy,2025-08-04,N/A,N/A,N/A,2.0,15.0,0%,0%,0.0,0,0%,0,0%,0,0
Ozzy Diaz,2025-08-04,N/A,N/A,N/A,,1.0,0%,0%,0.0,0,0%,0,0%,0,0
Paddy Pimblett,2025-08-04,N/A,N/A,N/A,,14.0,0%,0%,0.0,0,0%,0,0%,0,0
Patchy Mix ufc,2025-08-04,N/A,N/A,N/A,,,0%,0%,0.0,0,0%,0,0%,0,0
Patricio Pitbull,2025-08-04,N/A,N/A,N/A,1.0,24.0,0%,0%,0.0,0,0%,0,0%,0,0
Pat Sabatini,2025-08-04,N/A,N/A,N/A,6.0,41.0,0%,0%,0.0,0,0%,0,0%,0,0
Paulo Costa,2025-08-04,N/A,N/A,N/A,,6.0,0%,0%,0.0,0,0%,0,0%,0,0
Paul Craig,2025-08-04,N/A,N/A,N/A,3.0,83.0,0%,0%,0.0,0,0%,0,0%,0,0
Payton Talbott,2025-08-04,N/A,N/A,N/A,,4.0,0%,0%,0.0,0,0%,0,0%,0,0
Pedro Munhoz,2025-08-04,N/A,N/A,N/A,7.0,50.0,0%,0%,0.0,0,0%,0,0%,0,0
Pete Rodriguez,2025-08-04,N/A,N/A,N/A,,,0%,0%,0.0,0,0%,0,0%,0,0
Petr Yan,2025-08-04,N/A,N/A,N/A,,56.0,0%,0%,0.0,0,0%,0,0%,0,0
Phil Rowe,2025-08-04,N/A,N/A,N/A,2.0,11.0,0%,0%,0.0,0,0%,0,0%,0,0
Piera Rodriguez,2025-08-04,N/A,N/A,N/A,3.0,41.0,0%,0%,0.0,0,0%,0,0%,0,0
Polyana Viana,2025-08-04,N/A,N/A,N/A,2.0,12.0,0%,0%,0.0,0,0%,0,0%,0,0
Preston Parsons,2025-08-04,N/A,N/A,N/A,,41.0,0%,0%,0.0,0,0%,0,0%,0,0
Priscila Cachoeira,2025-08-04,N/A,N/A,N/A,,3.0,0%,0%,0.0,0,0%,0,0%,0,0
Puja Tomar,2025-08-04,N/A,N/A,N/A,,,0%,0%,0.0,0,0%,0,0%,0,0
Punahele Soriano,2025-08-04,N/A,N/A,N/A,,16.0,0%,0%,0.0,0,0%,0,0%,0,0
Quang Le,2025-08-04,N/A,N/A,N/A,2.0,20.0,0%,0%,0.0,0,0%,0,0%,0,0
Quillan Salkilld,2025-08-04,N/A,N/A,N/A,,45.0,0%,0%,0.0,0,0%,0,0%,0,0
Radley Da Silva ufc,2025-08-04,N/A,N/A,N/A,,,0%,0%,0.0,0,0%,0,0%,0,0
Rafael Cerqueira,2025-08-04,N/A,N/A,N/A,,,0%,0%,0.0,0,0%,0,0%,0,0
Rafael Dos Anjos,2025-08-04,N/A,N/A,N/A,45.0,191.0,0%,0%,0.0,0,0%,0,0%,0,0
Rafael Estevam,2025-08-04,N/A,N/A,N/A,3.0,45.0,0%,0%,0.0,0,0%,0,0%,0,0
Rafael Fiziev,2025-08-04,N/A,N/A,N/A,,11.0,0%,0%,0.0,0,0%,0,0%,0,0
Rafa Garcia,2025-08-04,N/A,N/A,N/A,12.0,60.0,0%,0%,0.0,0,0%,0,0%,0,0
Ramazan Temirov,2025-08-04,N/A,N/A,N/A,,2.0,0%,0%,0.0,0,0%,0,0%,0,0
Ramiz Brahimaj,2025-08-04,N/A,N/A,N/A,4.0,17.0,0%,0%,0.0,0,0%,0,0%,0,0
Ramon Taveras,2025-08-04,N/A,N/A,N/A,,,0%,0%,0.0,0,0%,0,0%,0,0
Random Page ufc,2025-08-04,N/A,N/A,N/A,,,0%,0%,0.0,0,0%,0,0%,0,0
Randy Brown,2025-08-04,N/A,N/A,N/A,5.0,28.0,0%,0%,0.0,0,0%,0,0%,0,0
Rani Yahya,2025-08-04,N/A,N/A,N/A,34.0,165.0,0%,0%,0.0,0,0%,0,0%,0,0
Raoni Barcelos,2025-08-04,N/A,N/A,N/A,3.0,78.0,0%,0%,0.0,0,0%,0,0%,0,0
Raquel Pennington,2025-08-04,N/A,N/A,N/A,11.0,58.0,0%,0%,0.0,0,0%,0,0%,0,0
Ravena Oliveira,2025-08-04,N/A,N/A,N/A,2.0,3.0,0%,0%,0.0,0,0%,0,0%,0,0
Rei Tsuruya,2025-08-04,N/A,N/A,N/A,3.0,51.0,0%,0%,0.0,0,0%,0,0%,0,0
Renato Moicano,2025-08-04,N/A,N/A,N/A,6.0,48.0,0%,0%,0.0,0,0%,0,0%,0,0
Ren Yawei ufc,2025-08-04,N/A,N/A,N/A,,,0%,0%,0.0,0,0%,0,0%,0,0
Ricardo Ramos,2025-08-04,N/A,N/A,N/A,4.0,40.0,0%,0%,0.0,0,0%,0,0%,0,0
Ricky Simon,2025-08-04,N/A,N/A,N/A,9.0,155.0,0%,0%,0.0,0,0%,0,0%,0,0
Ricky Turcios,2025-08-04,N/A,N/A,N/A,2.0,25.0,0%,0%,0.0,0,0%,0,0%,0,0
Rinat Fakhretdinov,2025-08-04,N/A,N/A,N/A,5.0,58.0,0%,0%,0.0,0,0%,0,0%,0,0
Rinya Nakamura,2025-08-04,N/A,N/A,N/A,,11.0,0%,0%,0.0,0,0%,0,0%,0,0
Rio Tirto ufc,2025-08-04,N/A,N/A,N/A,,,0%,0%,0.0,0,0%,0,0%,0,0
Rizvan Kuniev,2025-08-04,N/A,N/A,N/A,,4.0,0%,0%,0.0,0,0%,0,0%,0,0
Roberto Romero,2025-08-04,N/A,N/A,N/A,,3.0,0%,0%,0.0,0,0%,0,0%,0,0
Robert Bryczek,2025-08-04,N/A,N/A,N/A,,,0%,0%,0.0,0,0%,0,0%,0,0
Robert Valentin ufc,2025-08-04,N/A,N/A,N/A,,,0%,0%,0.0,0,0%,0,0%,0,0
Robert Whittaker,2025-08-04,N/A,N/A,N/A,4.0,42.0,0%,0%,0.0,0,0%,0,0%,0,0
Rob Font,2025-08-04,N/A,N/A,N/A,5.0,38.0,0%,0%,0.0,0,0%,0,0%,0,0
Rodolfo Bellato,2025-08-04,N/A,N/A,N/A,1.0,11.0,0%,0%,0.0,0,0%,0,0%,0,0
Rodolfo Vieira,2025-08-04,N/A,N/A,N/A,3.0,64.0,0%,0%,0.0,0,0%,0,0%,0,0
Rolando Bedoya,2025-08-04,N/A,N/A,N/A,,7.0,0%,0%,0.0,0,0%,0,0%,0,0
Roman Dolidze,2025-08-04,N/A,N/A,N/A,9.0,27.0,0%,0%,0.0,0,0%,0,0%,0,0
Roman Kopylov,2025-08-04,N/A,N/A,N/A,,19.0,0%,0%,0.0,0,0%,0,0%,0,0
Ronaldo Rodriguez ufc,2025-08-04,N/A,N/A,N/A,,,0%,0%,0.0,0,0%,0,0%,0,0
Rose Namajunas,2025-08-04,N/A,N/A,N/A,16.0,55.0,0%,0%,0.0,0,0%,0,0%,0,0
Rui Imura ufc,2025-08-04,N/A,N/A,N/A,,,0%,0%,0.0,0,0%,0,0%,0,0
Ryan Hall,2025-08-04,N/A,N/A,N/A,1.0,11.0,0%,0%,0.0,0,0%,0,0%,0,0
Ryan Loder,2025-08-04,N/A,N/A,N/A,1.0,7.0,0%,0%,0.0,0,0%,0,0%,0,0
Ryan Spann,2025-08-04,N/A,N/A,N/A,,23.0,0%,0%,0.0,0,0%,0,0%,0,0
Said Nurmagomedov,2025-08-04,N/A,N/A,N/A,1.0,39.0,0%,0%,0.0,0,0%,0,0%,0,0
Saimon Oliveira,2025-08-04,N/A,N/A,N/A,,12.0,0%,0%,0.0,0,0%,0,0%,0,0
Sam Hughes,2025-08-04,N/A,N/A,N/A,,31.0,0%,0%,0.0,0,0%,0,0%,0,0
Sam Patterson,2025-08-04,N/A,N/A,N/A,,2.0,0%,0%,0.0,0,0%,0,0%,0,0
Santiago Ponzinibbio,2025-08-04,N/A,N/A,N/A,4.0,33.0,0%,0%,0.0,0,0%,0,0%,0,0
Sean Brady,2025-08-04,N/A,N/A,N/A,2.0,57.0,0%,0%,0.0,0,0%,0,0%,0,0
Sean Sharaf,2025-08-04,N/A,N/A,N/A,1.0,8.0,0%,0%,0.0,0,0%,0,0%,0,0
Sean Strickland,2025-08-04,N/A,N/A,N/A,11.0,28.0,0%,0%,0.0,0,0%,0,0%,0,0
Sean Woodson,2025-08-04,N/A,N/A,N/A,,9.0,0%,0%,0.0,0,0%,0,0%,0,0
Sebastian Szalay ufc,2025-08-04,N/A,N/A,N/A,,,0%,0%,0.0,0,0%,0,0%,0,0
Sedriques Dumas,2025-08-04,N/A,N/A,N/A,,14.0,0%,0%,0.0,0,0%,0,0%,0,0
Seokhyeon Ko,2025-08-04,N/A,N/A,N/A,6.0,15.0,0%,0%,0.0,0,0%,0,0%,0,0
Sergei Pavlovich,2025-08-04,N/A,N/A,N/A,,5.0,0%,0%,0.0,0,0%,0,0%,0,0
Serghei Spivac,2025-08-04,N/A,N/A,N/A,,50.0,0%,0%,0.0,0,0%,0,0%,0,0
Serhiy Sidey,2025-08-04,N/A,N/A,N/A,,20.0,0%,0%,0.0,0,0%,0,0%,0,0
Shamil Gaziev,2025-08-04,N/A,N/A,N/A,,10.0,0%,0%,0.0,0,0%,0,0%,0,0
Shara Magomedov,2025-08-04,N/A,N/A,N/A,,1.0,0%,0%,0.0,0,0%,0,0%,0,0
Shauna Bannon,2025-08-04,N/A,N/A,N/A,,4.0,0%,0%,0.0,0,0%,0,0%,0,0
Shavkat Rakhmonov,2025-08-04,N/A,N/A,N/A,2.0,27.0,0%,0%,0.0,0,0%,0,0%,0,0
Shayilan Nuerdanbieke,2025-08-04,N/A,N/A,N/A,6.0,40.0,0%,0%,0.0,0,0%,0,0%,0,0
Sheldon Westcott,2025-08-04,N/A,N/A,N/A,6.0,16.0,0%,0%,0.0,0,0%,0,0%,0,0
Ming Shi,2025-08-04,N/A,N/A,N/A,1.0,6.0,0%,0%,0.0,0,0%,0,0%,0,0
Shogo Sato ufc,2025-08-04,N/A,N/A,N/A,,,0%,0%,0.0,0,0%,0,0%,0,0
Sodiq Yusuff,2025-08-04,N/A,N/A,N/A,,13.0,0%,0%,0.0,0,0%,0,0%,0,0
Song Kenan,2025-08-04,N/A,N/A,N/A,,10.0,0%,0%,0.0,0,0%,0,0%,0,0
Song Yadong,2025-08-04,N/A,N/A,N/A,1.0,21.0,0%,0%,0.0,0,0%,0,0%,0,0
Stephanie Luciano ufc,2025-08-04,N/A,N/A,N/A,,,0%,0%,0.0,0,0%,0,0%,0,0
Stephen Thompson,2025-08-04,N/A,N/A,N/A,5.0,14.0,0%,0%,0.0,0,0%,0,0%,0,0
Steven Koslow,2025-08-04,N/A,N/A,N/A,5.0,9.0,0%,0%,0.0,0,0%,0,0%,0,0
Steven Nguyen,2025-08-04,N/A,N/A,N/A,1.0,1.0,0%,0%,0.0,0,0%,0,0%,0,0
Steve Erceg,2025-08-04,N/A,N/A,N/A,3.0,19.0,0%,0%,0.0,0,0%,0,0%,0,0
Steve Garcia,2025-08-04,N/A,N/A,N/A,4.0,10.0,0%,0%,0.0,0,0%,0,0%,0,0
Stewart Nicoll,2025-08-04,N/A,N/A,N/A,1.0,1.0,0%,0%,0.0,0,0%,0,0%,0,0
Tabatha Ricci,2025-08-04,N/A,N/A,N/A,5.0,62.0,0%,0%,0.0,0,0%,0,0%,0,0
Tagir Ulanbekov,2025-08-04,N/A,N/A,N/A,11.0,44.0,0%,0%,0.0,0,0%,0,0%,0,0
Tainara Lisboa,2025-08-04,N/A,N/A,N/A,1.0,11.0,0%,0%,0.0,0,0%,0,0%,0,0
Tai Tuivasa,2025-08-04,N/A,N/A,N/A,,3.0,0%,0%,0.0,0,0%,0,0%,0,0
Talita Alencar,2025-08-04,N/A,N/A,N/A,1.0,48.0,0%,0%,0.0,0,0%,0,0%,0,0
Tallison Teixeira,2025-08-04,N/A,N/A,N/A,,1.0,0%,0%,0.0,0,0%,0,0%,0,0
Tatiana Suarez,2025-08-04,N/A,N/A,N/A,18.0,59.0,0%,0%,0.0,0,0%,0,0%,0,0
Tatsuro Taira,2025-08-04,N/A,N/A,N/A,1.0,34.0,0%,0%,0.0,0,0%,0,0%,0,0
Tecia Pennington,2025-08-04,N/A,N/A,N/A,7.0,65.0,0%,0%,0.0,0,0%,0,0%,0,0
Tereza Bleda,2025-08-04,N/A,N/A,N/A,1.0,18.0,0%,0%,0.0,0,0%,0,0%,0,0
Themba Gorimbo,2025-08-04,N/A,N/A,N/A,2.0,26.0,0%,0%,0.0,0,0%,0,0%,0,0
Thiago Moisés,2025-08-04,N/A,N/A,N/A,,42.0,0%,0%,0.0,0,0%,0,0%,0,0
Thomas Petersen,2025-08-04,N/A,N/A,N/A,1.0,24.0,0%,0%,0.0,0,0%,0,0%,0,0
Timmy Cuamba ufc,2025-08-04,N/A,N/A,N/A,,,0%,0%,0.0,0,0%,0,0%,0,0
Tim Elliott,2025-08-04,N/A,N/A,N/A,36.0,129.0,0%,0%,0.0,0,0%,0,0%,0,0
Tim Means,2025-08-04,N/A,N/A,N/A,8.0,55.0,0%,0%,0.0,0,0%,0,0%,0,0
Ti Haitao ufc,2025-08-04,N/A,N/A,N/A,,,0%,0%,0.0,0,0%,0,0%,0,0
Tofiq Musayev,2025-08-04,N/A,N/A,N/A,,,0%,0%,0.0,0,0%,0,0%,0,0
Tom Aspinall,2025-08-04,N/A,N/A,N/A,2.0,4.0,0%,0%,0.0,0,0%,0,0%,0,0
Tom Nolan,2025-08-04,N/A,N/A,N/A,,8.0,0%,0%,0.0,0,0%,0,0%,0,0
Torrez Finney,2025-08-04,N/A,N/A,N/A,8.0,43.0,0%,0%,0.0,0,0%,0,0%,0,0
Toshiomi Kazama,2025-08-04,N/A,N/A,N/A,,24.0,0%,0%,0.0,0,0%,0,0%,0,0
Tracy Cortez,2025-08-04,N/A,N/A,N/A,,40.0,0%,0%,0.0,0,0%,0,0%,0,0
Tresean Gore,2025-08-04,N/A,N/A,N/A,2.0,8.0,0%,0%,0.0,0,0%,0,0%,0,0
Trevin Giles,2025-08-04,N/A,N/A,N/A,5.0,22.0,0%,0%,0.0,0,0%,0,0%,0,0
Trevor Peek,2025-08-04,N/A,N/A,N/A,,14.0,0%,0%,0.0,0,0%,0,0%,0,0
Trey Ogden,2025-08-04,N/A,N/A,N/A,1.0,40.0,0%,0%,0.0,0,0%,0,0%,0,0
Trey Waters,2025-08-04,N/A,N/A,N/A,1.0,3.0,0%,0%,0.0,0,0%,0,0%,0,0
Tuco Tokkos,2025-08-04,N/A,N/A,N/A,,19.0,0%,0%,0.0,0,0%,0,0%,0,0
Ty Miller ufc,2025-08-04,N/A,N/A,N/A,,,0%,0%,0.0,0,0%,0,0%,0,0
Umar Nurmagomedov,2025-08-04,N/A,N/A,N/A,6.0,53.0,0%,0%,0.0,0,0%,0,0%,0,0
Uran Satybaldiev,2025-08-04,N/A,N/A,N/A,,2.0,0%,0%,0.0,0,0%,0,0%,0,0
Uroš Medić,2025-08-04,N/A,N/A,N/A,,2.0,0%,0%,0.0,0,0%,0,0%,0,0
Vagner Rocha,2025-08-04,N/A,N/A,N/A,3.0,9.0,0%,0%,0.0,0,0%,0,0%,0,0
Valentina Shevchenko,2025-08-04,N/A,N/A,N/A,12.0,98.0,0%,0%,0.0,0,0%,0,0%,0,0
Valter Walker,2025-08-04,N/A,N/A,N/A,4.0,12.0,0%,0%,0.0,0,0%,0,0%,0,0
Vanessa Demopoulos,2025-08-04,N/A,N/A,N/A,,31.0,0%,0%,0.0,0,0%,0,0%,0,0
Veronica Hardy,2025-08-04,N/A,N/A,N/A,1.0,17.0,0%,0%,0.0,0,0%,0,0%,0,0
Viacheslav Borshchev,2025-08-04,N/A,N/A,N/A,,1.0,0%,0%,0.0,0,0%,0,0%,0,0
Vicente Luque,2025-08-04,N/A,N/A,N/A,6.0,27.0,0%,0%,0.0,0,0%,0,0%,0,0
Victor Henry,2025-08-04,N/A,N/A,N/A,,14.0,0%,0%,0.0,0,0%,0,0%,0,0
Victor Martinez,2025-08-04,N/A,N/A,N/A,,3.0,0%,0%,0.0,0,0%,0,0%,0,0
Vince Morales,2025-08-04,N/A,N/A,N/A,,15.0,0%,0%,0.0,0,0%,0,0%,0,0
Vinicius Oliveira,2025-08-04,N/A,N/A,N/A,2.0,14.0,0%,0%,0.0,0,0%,0,0%,0,0
Virna Jandiroba,2025-08-04,N/A,N/A,N/A,3.0,63.0,0%,0%,0.0,0,0%,0,0%,0,0
Vitor Petrino,2025-08-04,N/A,N/A,N/A,7.0,29.0,0%,0%,0.0,0,0%,0,0%,0,0
Viviane Araújo,2025-08-04,N/A,N/A,N/A,5.0,53.0,0%,0%,0.0,0,0%,0,0%,0,0
Volkan Oezdemir,2025-08-04,N/A,N/A,N/A,,17.0,0%,0%,0.0,0,0%,0,0%,0,0
Wang Cong,2025-08-04,N/A,N/A,N/A,,4.0,0%,0%,0.0,0,0%,0,0%,0,0
Wataru Yamauchi ufc,2025-08-04,N/A,N/A,N/A,,,0%,0%,0.0,0,0%,0,0%,0,0
Weight Classes ufc,2025-08-04,N/A,N/A,N/A,,,0%,0%,0.0,0,0%,0,0%,0,0
Wellington Turman,2025-08-04,N/A,N/A,N/A,4.0,48.0,0%,0%,0.0,0,0%,0,0%,0,0
Westin Wilson,2025-08-04,N/A,N/A,N/A,,6.0,0%,0%,0.0,0,0%,0,0%,0,0
William Gomis,2025-08-04,N/A,N/A,N/A,3.0,11.0,0%,0%,0.0,0,0%,0,0%,0,0
Xiao Long,2025-08-04,N/A,N/A,N/A,2.0,16.0,0%,0%,0.0,0,0%,0,0%,0,0
Yair Rodriguez,2025-08-04,N/A,N/A,N/A,8.0,34.0,0%,0%,0.0,0,0%,0,0%,0,0
Yanal Ashmouz,2025-08-04,N/A,N/A,N/A,1.0,26.0,0%,0%,0.0,0,0%,0,0%,0,0
Yana Santos,2025-08-04,N/A,N/A,N/A,1.0,16.0,0%,0%,0.0,0,0%,0,0%,0,0
Yan Xiaonan,2025-08-04,N/A,N/A,N/A,,15.0,0%,0%,0.0,0,0%,0,0%,0,0
Yazmin Jauregui,2025-08-04,N/A,N/A,N/A,,5.0,0%,0%,0.0,0,0%,0,0%,0,0
Youssef Zalal,2025-08-04,N/A,N/A,N/A,6.0,62.0,0%,0%,0.0,0,0%,0,0%,0,0
Yuneisy Duben,2025-08-04,N/A,N/A,N/A,,,0%,0%,0.0,0,0%,0,0%,0,0
Yusaku Kinoshita,2025-08-04,N/A,N/A,N/A,,1.0,0%,0%,0.0,0,0%,0,0%,0,0
Zachary Reese,2025-08-04,N/A,N/A,N/A,,12.0,0%,0%,0.0,0,0%,0,0%,0,0
Zhang Mingyang,2025-08-04,N/A,N/A,N/A,,,0%,0%,0.0,0,0%,0,0%,0,0
Zhang Qinghe ufc,2025-08-04,N/A,N/A,N/A,,,0%,0%,0.0,0,0%,0,0%,0,0
Zhang Weili,2025-08-04,N/A,N/A,N/A,1.0,57.0,0%,0%,0.0,0,0%,0,0%,0,0
Adilet Nurmatov,2025-08-04,N/A,N/A,N/A,,,0%,0%,0.0,0,0%,0,0%,0,0
Ahejiang Ailinuer,2025-08-04,N/A,N/A,N/A,,,0%,0%,0.0,0,0%,0,0%,0,0
Aleksandar Rakić,2025-08-04,N/A,N/A,N/A,3.0,21.0,0%,0%,0.0,0,0%,0,0%,0,0
Arisa Matsuda,2025-08-04,N/A,N/A,N/A,,,0%,0%,0.0,0,0%,0,0%,0,0
Asu Almabayev,2025-08-04,N/A,N/A,N/A,,,0%,0%,0.0,0,0%,0,0%,0,0
Aziz Khaydarov,2025-08-04,N/A,N/A,N/A,,,0%,0%,0.0,0,0%,0,0%,0,0
Benoît Saint Denis,2025-08-04,N/A,N/A,N/A,2.0,48.0,0%,0%,0.0,0,0%,0,0%,0,0
Billy Ray Goff,2025-08-04,N/A,N/A,N/A,,,0%,0%,0.0,0,0%,0,0%,0,0
Cristian Quiñonez,2025-08-04,N/A,N/A,N/A,,8.0,0%,0%,0.0,0,0%,0,0%,0,0
Current Roster,2025-08-04,N/A,N/A,N/A,,,0%,0%,0.0,0,0%,0,0%,0,0
Daichi Kamiya,2025-08-04,N/A,N/A,N/A,,,0%,0%,0.0,0,0%,0,0%,0,0
Damian Pinas,2025-08-04,N/A,N/A,N/A,,,0%,0%,0.0,0,0%,0,0%,0,0
Damir Hadžović,2025-08-04,N/A,N/A,N/A,,11.0,0%,0%,0.0,0,0%,0,0%,0,0
Deni Daffa,2025-08-04,N/A,N/A,N/A,,,0%,0%,0.0,0,0%,0,0%,0,0
Dominic Mar Fan,2025-08-04,N/A,N/A,N/A,,,0%,0%,0.0,0,0%,0,0%,0,0
Duško Todorović,2025-08-04,N/A,N/A,N/A,2.0,45.0,0%,0%,0.0,0,0%,0,0%,0,0
Ernesta Kareckaitė,2025-08-04,N/A,N/A,N/A,1.0,3.0,0%,0%,0.0,0,0%,0,0%,0,0
Farès Ziam,2025-08-04,N/A,N/A,N/A,,32.0,0%,0%,0.0,0,0%,0,0%,0,0
Former Roster,2025-08-04,N/A,N/A,N/A,,,0%,0%,0.0,0,0%,0,0%,0,0
George Mangos,2025-08-04,N/A,N/A,N/A,,,0%,0%,0.0,0,0%,0,0%,0,0
Ian Machado Garry,2025-08-04,N/A,N/A,N/A,,,0%,0%,0.0,0,0%,0,0%,0,0
Ilian Bouafia,2025-08-04,N/A,N/A,N/A,,,0%,0%,0.0,0,0%,0,0%,0,0
Jack Becker,2025-08-04,N/A,N/A,N/A,,,0%,0%,0.0,0,0%,0,0%,0,0
Jan Błachowicz,2025-08-04,N/A,N/A,N/A,12.0,39.0,0%,0%,0.0,0,0%,0,0%,0,0
Jéssica Andrade,2025-08-04,N/A,N/A,N/A,33.0,73.0,0%,0%,0.0,0,0%,0,0%,0,0
Jimmy Drago,2025-08-04,N/A,N/A,N/A,,,0%,0%,0.0,0,0%,0,0%,0,0
Jin Aoi,2025-08-04,N/A,N/A,N/A,,,0%,0%,0.0,0,0%,0,0%,0,0
Jiří Procházka,2025-08-04,N/A,N/A,N/A,1.0,5.0,0%,0%,0.0,0,0%,0,0%,0,0
Joel Álvarez,2025-08-04,N/A,N/A,N/A,,2.0,0%,0%,0.0,0,0%,0,0%,0,0
Jose Miguel Delgado,2025-08-04,N/A,N/A,N/A,,5.0,0%,0%,0.0,0,0%,0,0%,0,0
Julianna Peña,2025-08-04,N/A,N/A,N/A,9.0,33.0,0%,0%,0.0,0,0%,0,0%,0,0
Kai Yoshida,2025-08-04,N/A,N/A,N/A,,,0%,0%,0.0,0,0%,0,0%,0,0
Kauê Fernandes,2025-08-04,N/A,N/A,N/A,,,0%,0%,0.0,0,0%,0,0%,0,0
Keiichiro Nakamura,2025-08-04,N/A,N/A,N/A,,,0%,0%,0.0,0,0%,0,0%,0,0
King Green,2025-08-04,N/A,N/A,N/A,,,0%,0%,0.0,0,0%,0,0%,0,0
Kiru Sahota,2025-08-04,N/A,N/A,N/A,,,0%,0%,0.0,0,0%,0,0%,0,0
Klaudia Syguła,2025-08-04,N/A,N/A,N/A,,5.0,0%,0%,0.0,0,0%,0,0%,0,0
Kuya Ito,2025-08-04,N/A,N/A,N/A,,,0%,0%,0.0,0,0%,0,0%,0,0
Lawrence Lui,2025-08-04,N/A,N/A,N/A,,,0%,0%,0.0,0,0%,0,0%,0,0
Light Heavyweight,2025-08-04,N/A,N/A,N/A,,,0%,0%,0.0,0,0%,0,0%,0,0
Mairon Santos,2025-08-04,N/A,N/A,N/A,,,0%,0%,0.0,0,0%,0,0%,0,0
Mandel Nallo,2025-08-04,N/A,N/A,N/A,,,0%,0%,0.0,0,0%,0,0%,0,0
Mansher Khera,2025-08-04,N/A,N/A,N/A,,,0%,0%,0.0,0,0%,0,0%,0,0
Mateusz Rębecki,2025-08-04,N/A,N/A,N/A,3.0,20.0,0%,0%,0.0,0,0%,0,0%,0,0
Montserrat Conejo Ruiz,2025-08-04,N/A,N/A,N/A,,,0%,0%,0.0,0,0%,0,0%,0,0
Mridul Saikia,2025-08-04,N/A,N/A,N/A,,,0%,0%,0.0,0,0%,0,0%,0,0
Namsrai Batbayar,2025-08-04,N/A,N/A,N/A,,,0%,0%,0.0,0,0%,0,0%,0,0
Neemias Santana,2025-08-04,N/A,N/A,N/A,,,0%,0%,0.0,0,0%,0,0%,0,0
Patchy Mix,2025-08-04,N/A,N/A,N/A,,,0%,0%,0.0,0,0%,0,0%,0,0
Patricio Pitbull,2025-08-04,N/A,N/A,N/A,1.0,24.0,0%,0%,0.0,0,0%,0,0%,0,0
Radley Da Silva,2025-08-04,N/A,N/A,N/A,,,0%,0%,0.0,0,0%,0,0%,0,0
Random Page,2025-08-04,N/A,N/A,N/A,,,0%,0%,0.0,0,0%,0,0%,0,0
Ren Yawei,2025-08-04,N/A,N/A,N/A,,,0%,0%,0.0,0,0%,0,0%,0,0
Rio Tirto,2025-08-04,N/A,N/A,N/A,,,0%,0%,0.0,0,0%,0,0%,0,0
Robert Valentin,2025-08-04,N/A,N/A,N/A,,,0%,0%,0.0,0,0%,0,0%,0,0
Ronaldo Rodriguez,2025-08-04,N/A,N/A,N/A,,,0%,0%,0.0,0,0%,0,0%,0,0
Rui Imura,2025-08-04,N/A,N/A,N/A,,,0%,0%,0.0,0,0%,0,0%,0,0
Sebastian Szalay,2025-08-04,N/A,N/A,N/A,,,0%,0%,0.0,0,0%,0,0%,0,0
Ming Shi,2025-08-04,N/A,N/A,N/A,1.0,6.0,0%,0%,0.0,0,0%,0,0%,0,0
Shogo Sato,2025-08-04,N/A,N/A,N/A,,,0%,0%,0.0,0,0%,0,0%,0,0
Stephanie Luciano,2025-08-04,N/A,N/A,N/A,,,0%,0%,0.0,0,0%,0,0%,0,0
Thiago Moisés,2025-08-04,N/A,N/A,N/A,,42.0,0%,0%,0.0,0,0%,0,0%,0,0
Ti Haitao,2025-08-04,N/A,N/A,N/A,,,0%,0%,0.0,0,0%,0,0%,0,0
Timmy Cuamba,2025-08-04,N/A,N/A,N/A,,,0%,0%,0.0,0,0%,0,0%,0,0
Ty Miller,2025-08-04,N/A,N/A,N/A,,,0%,0%,0.0,0,0%,0,0%,0,0
Uroš Medić,2025-08-04,N/A,N/A,N/A,,2.0,0%,0%,0.0,0,0%,0,0%,0,0
Viviane Araújo,2025-08-04,N/A,N/A,N/A,5.0,53.0,0%,0%,0.0,0,0%,0,0%,0,0
Wataru Yamauchi,2025-08-04,N/A,N/A,N/A,,,0%,0%,0.0,0,0%,0,0%,0,0
Weight Classes,2025-08-04,N/A,N/A,N/A,,,0%,0%,0.0,0,0%,0,0%,0,0
Zhang Qinghe,2025-08-04,N/A,N/A,N/A,,,0%,0%,0.0,0,0%,0,0%,0,0
