Player,Date,Opponent,Event,Result,SDBL/A,SDHL/A,SDLL/A,TSL,TSA,SSL,SSA,TSL-TSA,KD,%BODY,%HEAD,%LEG
Aaron Pico,2025-08-03,N/A,N/A,N/A,0/0,0/0,0/0,0,0,0,0,0%,0,0%,0%,0%
Abus Magomedov,2025-08-03,N/A,N/A,N/A,0/0,0/0,0/0,218,452,218,452,0%,0.22,30%,57%,13%
Adam Fugitt,2025-08-03,N/A,N/A,N/A,0/0,0/0,0/0,188,406,188,406,0%,0.00,38%,45%,17%
Adilet Nurmatov,2025-08-03,N/A,N/A,N/A,0/0,0/0,0/0,0,0,0,0,0%,0,0%,0%,0%
Adrian Yanez,2025-08-03,N/A,N/A,N/A,0/0,0/0,0/0,424,1018,424,1018,0%,1.54,13%,71%,15%
Ahejiang Ailinuer,2025-08-03,N/A,N/A,N/A,0/0,0/0,0/0,0,0,0,0,0%,0,0%,0%,0%
Aiemann Zahabi,2025-08-03,N/A,N/A,N/A,0/0,0/0,0/0,469,1002,469,1002,0%,0.42,15%,75%,10%
Ailin Perez,2025-08-03,N/A,N/A,N/A,0/0,0/0,0/0,229,417,229,417,0%,0.20,21%,60%,20%
Al Iaquinta,2025-08-03,N/A,N/A,N/A,0/0,0/0,0/0,774,1909,774,1909,0%,0.55,19%,67%,14%
Aleksandar Rakić,2025-08-03,N/A,N/A,N/A,0/0,0/0,0/0,476,950,476,950,0%,0.52,15%,53%,31%
Aleksandre Topuria,2025-08-03,N/A,N/A,N/A,0/0,0/0,0/0,41,79,41,79,0%,0.00,46%,44%,10%
Alessandro Costa,2025-08-03,N/A,N/A,N/A,0/0,0/0,0/0,227,476,227,476,0%,0.82,20%,56%,24%
Alex Caceres,2025-08-03,N/A,N/A,N/A,0/0,0/0,0/0,1519,3040,1519,3040,0%,0.21,25%,63%,12%
Alex Morono,2025-08-03,N/A,N/A,N/A,0/0,0/0,0/0,1356,3364,1356,3364,0%,0.28,13%,79%,7%
Alex Pereira,2025-08-03,N/A,N/A,N/A,0/0,0/0,0/0,657,1058,657,1058,0%,0.80,27%,46%,27%
Alex Perez,2025-08-03,N/A,N/A,N/A,0/0,0/0,0/0,370,798,370,798,0%,0.68,15%,61%,25%
Alex Reyes,2025-08-03,N/A,N/A,N/A,0/0,0/0,0/0,89,191,89,191,0%,0.00,30%,44%,26%
Alexa Grasso,2025-08-03,N/A,N/A,N/A,0/0,0/0,0/0,909,2202,909,2202,0%,0.07,19%,62%,19%
Alexander Hernandez,2025-08-03,N/A,N/A,N/A,0/0,0/0,0/0,692,1693,692,1693,0%,0.38,33%,52%,15%
Alexander Volkanovski,2025-08-03,N/A,N/A,N/A,0/0,0/0,0/0,1717,3018,1717,3018,0%,0.32,11%,65%,25%
Alexander Volkov,2025-08-03,N/A,N/A,N/A,0/0,0/0,0/0,1224,2135,1224,2135,0%,0.24,23%,59%,17%
Alexandre Pantoja,2025-08-03,N/A,N/A,N/A,0/0,0/0,0/0,935,1859,935,1859,0%,0.28,21%,63%,15%
Alexia Thainara,2025-08-03,N/A,N/A,N/A,0/0,0/0,0/0,112,275,112,275,0%,0.00,21%,46%,32%
Aliaskhab Khizriev,2025-08-03,N/A,N/A,N/A,0/0,0/0,0/0,48,75,48,75,0%,0.00,21%,69%,10%
Alice Ardelean,2025-08-03,N/A,N/A,N/A,0/0,0/0,0/0,303,681,303,681,0%,0.00,17%,71%,11%
Aljamain Sterling,2025-08-03,N/A,N/A,N/A,0/0,0/0,0/0,1237,2359,1237,2359,0%,0.00,33%,49%,18%
Allan Nascimento,2025-08-03,N/A,N/A,N/A,0/0,0/0,0/0,167,278,167,278,0%,0.00,16%,62%,22%
Alonzo Menifield,2025-08-03,N/A,N/A,N/A,0/0,0/0,0/0,568,1066,568,1066,0%,0.60,10%,82%,8%
Alvin Hines,2025-08-03,N/A,N/A,N/A,0/0,0/0,0/0,82,259,82,259,0%,0.00,26%,68%,6%
Amanda Lemos,2025-08-03,N/A,N/A,N/A,0/0,0/0,0/0,380,698,380,698,0%,0.68,22%,65%,14%
Amanda Ribas,2025-08-03,N/A,N/A,N/A,0/0,0/0,0/0,686,1717,686,1717,0%,0.09,18%,61%,21%
Amir Albazi,2025-08-03,N/A,N/A,N/A,0/0,0/0,0/0,235,676,235,676,0%,0.35,17%,69%,14%
Andre Fili,2025-08-03,N/A,N/A,N/A,0/0,0/0,0/0,955,2526,955,2526,0%,0.36,15%,72%,13%
Andre Lima,2025-08-03,N/A,N/A,N/A,0/0,0/0,0/0,268,446,268,446,0%,0.00,21%,48%,32%
Andre Muniz,2025-08-03,N/A,N/A,N/A,0/0,0/0,0/0,205,414,205,414,0%,0.00,19%,65%,17%
Andre Petroski,2025-08-03,N/A,N/A,N/A,0/0,0/0,0/0,355,722,355,722,0%,0.12,21%,66%,13%
Andreas Gustafsson,2025-08-03,N/A,N/A,N/A,0/0,0/0,0/0,136,177,136,177,0%,0.64,24%,66%,10%
Andrey Pulyaev,2025-08-03,N/A,N/A,N/A,0/0,0/0,0/0,116,199,116,199,0%,0.00,23%,69%,8%
Ange Loosa,2025-08-03,N/A,N/A,N/A,0/0,0/0,0/0,519,1126,519,1126,0%,0.16,19%,59%,21%
Angel Pacheco,2025-08-03,N/A,N/A,N/A,0/0,0/0,0/0,285,725,285,725,0%,0.00,32%,63%,5%
Angela Hill,2025-08-03,N/A,N/A,N/A,0/0,0/0,0/0,2122,4236,2122,4236,0%,0.12,32%,59%,8%
Anshul Jubli,2025-08-03,N/A,N/A,N/A,0/0,0/0,0/0,238,516,238,516,0%,0.40,26%,67%,7%
Anthony Hernandez,2025-08-03,N/A,N/A,N/A,0/0,0/0,0/0,484,762,484,762,0%,0.14,12%,85%,3%
Antonio Trocoli,2025-08-03,N/A,N/A,N/A,0/0,0/0,0/0,23,46,23,46,0%,0.00,52%,39%,9%
Ariane Carnelossi,2025-08-03,N/A,N/A,N/A,0/0,0/0,0/0,157,395,157,395,0%,0.00,13%,71%,16%
Arisa Matsuda,2025-08-03,N/A,N/A,N/A,0/0,0/0,0/0,0,0,0,0,0%,0,0%,0%,0%
Arman Tsarukyan,2025-08-03,N/A,N/A,N/A,0/0,0/0,0/0,525,1073,525,1073,0%,0.32,23%,65%,12%
Arnold Allen,2025-08-03,N/A,N/A,N/A,0/0,0/0,0/0,611,1471,611,1471,0%,0.25,20%,73%,8%
Asu Almabayev,2025-08-03,N/A,N/A,N/A,0/0,0/0,0/0,0,0,0,0,0%,0,0%,0%,0%
Ateba Gautier,2025-08-03,N/A,N/A,N/A,0/0,0/0,0/0,95,154,95,154,0%,3.28,14%,85%,1%
Austen Lane,2025-08-03,N/A,N/A,N/A,0/0,0/0,0/0,108,212,108,212,0%,0.38,24%,58%,18%
Austin Bashi,2025-08-03,N/A,N/A,N/A,0/0,0/0,0/0,45,92,45,92,0%,0.00,29%,58%,13%
Austin Hubbard,2025-08-03,N/A,N/A,N/A,0/0,0/0,0/0,547,1254,547,1254,0%,0.00,27%,52%,22%
Azamat Bekoev,2025-08-03,N/A,N/A,N/A,0/0,0/0,0/0,44,72,44,72,0%,5.17,11%,84%,5%
Azamat Murzakanov,2025-08-03,N/A,N/A,N/A,0/0,0/0,0/0,255,440,255,440,0%,1.74,25%,70%,4%
Azat Maksum,2025-08-03,N/A,N/A,N/A,0/0,0/0,0/0,146,511,146,511,0%,0.33,26%,67%,7%
Aziz Khaydarov,2025-08-03,N/A,N/A,N/A,0/0,0/0,0/0,0,0,0,0,0%,0,0%,0%,0%
Baergeng Jieleyisi,2025-08-03,N/A,N/A,N/A,0/0,0/0,0/0,95,250,95,250,0%,0.00,19%,69%,12%
Bassil Hafez,2025-08-03,N/A,N/A,N/A,0/0,0/0,0/0,151,395,151,395,0%,0.00,7%,85%,8%
Bekzat Almakhan,2025-08-03,N/A,N/A,N/A,0/0,0/0,0/0,11,27,11,27,0%,1.87,27%,73%,0%
Belal Muhammad,2025-08-03,N/A,N/A,N/A,0/0,0/0,0/0,1373,3158,1373,3158,0%,0.00,14%,78%,8%
Benardo Sopaj,2025-08-03,N/A,N/A,N/A,0/0,0/0,0/0,126,225,126,225,0%,0.51,7%,84%,9%
Beneil Dariush,2025-08-03,N/A,N/A,N/A,0/0,0/0,0/0,830,1687,830,1687,0%,0.48,23%,61%,17%
Benoît Saint Denis,2025-08-03,N/A,N/A,N/A,0/0,0/0,0/0,366,655,366,655,0%,0.88,29%,57%,14%
Billy Elekana,2025-08-03,N/A,N/A,N/A,0/0,0/0,0/0,55,96,55,96,0%,0.00,35%,65%,0%
Billy Quarantillo,2025-08-03,N/A,N/A,N/A,0/0,0/0,0/0,990,1814,990,1814,0%,0.23,24%,69%,7%
Billy Ray Goff,2025-08-03,N/A,N/A,N/A,0/0,0/0,0/0,0,0,0,0,0%,0,0%,0%,0%
Bo Nickal,2025-08-03,N/A,N/A,N/A,0/0,0/0,0/0,85,143,85,143,0%,0.42,24%,54%,22%
Bogdan Grad,2025-08-03,N/A,N/A,N/A,0/0,0/0,0/0,181,349,181,349,0%,0.00,24%,61%,15%
Bogdan Guskov,2025-08-03,N/A,N/A,N/A,0/0,0/0,0/0,58,113,58,113,0%,0.00,43%,43%,14%
Bolaji Oki,2025-08-03,N/A,N/A,N/A,0/0,0/0,0/0,256,565,256,565,0%,0.41,20%,74%,6%
Brad Riddell,2025-08-03,N/A,N/A,N/A,0/0,0/0,0/0,360,671,360,671,0%,0.20,22%,65%,13%
Brady Hiestand,2025-08-03,N/A,N/A,N/A,0/0,0/0,0/0,152,299,152,299,0%,0.00,18%,74%,8%
Brandon Moreno,2025-08-03,N/A,N/A,N/A,0/0,0/0,0/0,1220,2761,1220,2761,0%,0.19,16%,75%,10%
Brandon Royval,2025-08-03,N/A,N/A,N/A,0/0,0/0,0/0,751,1823,751,1823,0%,0.33,15%,79%,6%
Brendan Allen,2025-08-03,N/A,N/A,N/A,0/0,0/0,0/0,737,1387,737,1387,0%,0.31,22%,65%,13%
Brendson Ribeiro,2025-08-03,N/A,N/A,N/A,0/0,0/0,0/0,148,346,148,346,0%,0.66,18%,60%,22%
Brian Ortega,2025-08-03,N/A,N/A,N/A,0/0,0/0,0/0,687,1813,687,1813,0%,0.45,17%,72%,11%
Brogan Walker,2025-08-03,N/A,N/A,N/A,0/0,0/0,0/0,59,193,59,193,0%,0.00,31%,37%,32%
Bruna Brasil,2025-08-03,N/A,N/A,N/A,0/0,0/0,0/0,214,362,214,362,0%,0.19,43%,43%,15%
Brunno Ferreira,2025-08-03,N/A,N/A,N/A,0/0,0/0,0/0,147,291,147,291,0%,1.39,20%,67%,13%
Bruno Lopes,2025-08-03,N/A,N/A,N/A,0/0,0/0,0/0,84,195,84,195,0%,0.00,23%,61%,17%
Bryan Battle,2025-08-03,N/A,N/A,N/A,0/0,0/0,0/0,397,750,397,750,0%,0.39,41%,50%,9%
Bryce Mitchell,2025-08-03,N/A,N/A,N/A,0/0,0/0,0/0,315,530,315,530,0%,0.11,29%,58%,13%
Caio Borralho,2025-08-03,N/A,N/A,N/A,0/0,0/0,0/0,417,694,417,694,0%,0.52,22%,65%,13%
Calvin Kattar,2025-08-03,N/A,N/A,N/A,0/0,0/0,0/0,977,2573,977,2573,0%,0.34,13%,78%,9%
Cameron Saaiman,2025-08-03,N/A,N/A,N/A,0/0,0/0,0/0,358,764,358,764,0%,0.44,18%,55%,27%
Cameron Smotherman,2025-08-03,N/A,N/A,N/A,0/0,0/0,0/0,187,503,187,503,0%,0.00,38%,59%,3%
Carli Judice,2025-08-03,N/A,N/A,N/A,0/0,0/0,0/0,463,885,463,885,0%,0.70,30%,63%,6%
Carlos Leal,2025-08-03,N/A,N/A,N/A,0/0,0/0,0/0,191,375,191,375,0%,0.00,23%,66%,11%
Carlos Prates,2025-08-03,N/A,N/A,N/A,0/0,0/0,0/0,212,389,212,389,0%,2.04,23%,55%,22%
Carlos Ulberg,2025-08-03,N/A,N/A,N/A,0/0,0/0,0/0,525,950,525,950,0%,1.16,17%,60%,23%
Carlos Vera,2025-08-03,N/A,N/A,N/A,0/0,0/0,0/0,28,49,28,49,0%,0.82,14%,36%,50%
Carlston Harris,2025-08-03,N/A,N/A,N/A,0/0,0/0,0/0,194,441,194,441,0%,0.59,24%,64%,12%
Cesar Almeida,2025-08-03,N/A,N/A,N/A,0/0,0/0,0/0,235,401,235,401,0%,0.27,31%,49%,20%
Chad Anheliger,2025-08-03,N/A,N/A,N/A,0/0,0/0,0/0,275,596,275,596,0%,0.51,15%,69%,16%
Charles Johnson,2025-08-03,N/A,N/A,N/A,0/0,0/0,0/0,710,1430,710,1430,0%,0.30,29%,51%,20%
Charles Jourdain,2025-08-03,N/A,N/A,N/A,0/0,0/0,0/0,966,1975,966,1975,0%,0.51,28%,53%,19%
Charles Oliveira,2025-08-03,N/A,N/A,N/A,0/0,0/0,0/0,893,1616,893,1616,0%,0.46,26%,59%,15%
Charles Radtke,2025-08-03,N/A,N/A,N/A,0/0,0/0,0/0,0,0,0,0,0%,0,0%,0%,0%
Charlie Campbell,2025-08-03,N/A,N/A,N/A,0/0,0/0,0/0,113,209,113,209,0%,0.74,29%,49%,22%
Chase Hooper,2025-08-03,N/A,N/A,N/A,0/0,0/0,0/0,552,1064,552,1064,0%,0.12,18%,73%,9%
Chelsea Chandler,2025-08-03,N/A,N/A,N/A,0/0,0/0,0/0,184,408,184,408,0%,0.00,27%,70%,3%
Chepe Mariscal,2025-08-03,N/A,N/A,N/A,0/0,0/0,0/0,338,603,338,603,0%,0.00,16%,67%,17%
Chidi Njokuani,2025-08-03,N/A,N/A,N/A,0/0,0/0,0/0,452,725,452,725,0%,0.63,41%,40%,19%
Chris Barnett,2025-08-03,N/A,N/A,N/A,0/0,0/0,0/0,160,339,160,339,0%,0.39,11%,60%,29%
Chris Curtis,2025-08-03,N/A,N/A,N/A,0/0,0/0,0/0,920,1809,920,1809,0%,0.39,25%,70%,5%
Chris Duncan,2025-08-03,N/A,N/A,N/A,0/0,0/0,0/0,215,470,215,470,0%,0.59,26%,53%,21%
Chris Gutierrez,2025-08-03,N/A,N/A,N/A,0/0,0/0,0/0,0,0,0,0,0%,0,0%,0%,0%
Chris Padilla,2025-08-03,N/A,N/A,N/A,0/0,0/0,0/0,119,229,119,229,0%,0.00,13%,52%,35%
Christian Leroy Duncan,2025-08-03,N/A,N/A,N/A,0/0,0/0,0/0,300,504,300,504,0%,0.24,17%,52%,31%
Christian Rodriguez,2025-08-03,N/A,N/A,N/A,0/0,0/0,0/0,414,818,414,818,0%,0.00,19%,78%,3%
Ciryl Gane,2025-08-03,N/A,N/A,N/A,0/0,0/0,0/0,899,1467,899,1467,0%,0.26,28%,43%,29%
Claudio Puelles,2025-08-03,N/A,N/A,N/A,0/0,0/0,0/0,140,282,140,282,0%,0.00,32%,61%,6%
Clayton Carpenter,2025-08-03,N/A,N/A,N/A,0/0,0/0,0/0,158,287,158,287,0%,0.00,13%,61%,26%
Cody Brundage,2025-08-03,N/A,N/A,N/A,0/0,0/0,0/0,179,340,179,340,0%,0.56,10%,77%,13%
Cody Durden,2025-08-03,N/A,N/A,N/A,0/0,0/0,0/0,425,948,425,948,0%,0.12,14%,73%,13%
Cody Garbrandt,2025-08-03,N/A,N/A,N/A,0/0,0/0,0/0,462,1160,462,1160,0%,1.03,12%,74%,15%
Cody Gibson,2025-08-03,N/A,N/A,N/A,0/0,0/0,0/0,356,775,356,775,0%,0.30,18%,72%,11%
Cody Haddon,2025-08-03,N/A,N/A,N/A,0/0,0/0,0/0,167,325,167,325,0%,0.83,25%,71%,4%
Colby Covington,2025-08-03,N/A,N/A,N/A,0/0,0/0,0/0,1099,2856,1099,2856,0%,0.05,16%,69%,15%
Colby Thicknesse,2025-08-03,N/A,N/A,N/A,0/0,0/0,0/0,38,127,38,127,0%,0.00,32%,47%,21%
Cory Sandhagen,2025-08-03,N/A,N/A,N/A,0/0,0/0,0/0,1064,2358,1064,2358,0%,0.29,15%,65%,20%
Cristian Quiñonez,2025-08-03,N/A,N/A,N/A,0/0,0/0,0/0,137,339,137,339,0%,0.46,4%,76%,20%
Cub Swanson,2025-08-03,N/A,N/A,N/A,0/0,0/0,0/0,1846,3603,1846,3603,0%,0.39,19%,61%,20%
Current Roster,2025-08-03,N/A,N/A,N/A,0/0,0/0,0/0,0,0,0,0,0%,0,0%,0%,0%
Curtis Blaydes,2025-08-03,N/A,N/A,N/A,0/0,0/0,0/0,635,1250,635,1250,0%,0.17,11%,68%,20%
Daichi Kamiya,2025-08-03,N/A,N/A,N/A,0/0,0/0,0/0,0,0,0,0,0%,0,0%,0%,0%
Damian Pinas,2025-08-03,N/A,N/A,N/A,0/0,0/0,0/0,0,0,0,0,0%,0,0%,0%,0%
Damir Hadžović,2025-08-03,N/A,N/A,N/A,0/0,0/0,0/0,329,688,329,688,0%,0.30,15%,76%,9%
Dan Hooker,2025-08-03,N/A,N/A,N/A,0/0,0/0,0/0,1131,2325,1131,2325,0%,0.60,18%,63%,20%
Dan Ige,2025-08-03,N/A,N/A,N/A,0/0,0/0,0/0,980,2172,980,2172,0%,0.45,22%,66%,12%
Daniel Barez,2025-08-03,N/A,N/A,N/A,0/0,0/0,0/0,170,341,170,341,0%,0.64,29%,52%,19%
Daniel Frunza,2025-08-03,N/A,N/A,N/A,0/0,0/0,0/0,85,212,85,212,0%,0.00,11%,74%,15%
Daniel Marcos,2025-08-03,N/A,N/A,N/A,0/0,0/0,0/0,464,866,464,866,0%,0.50,17%,64%,19%
Daniel Rodriguez,2025-08-03,N/A,N/A,N/A,0/0,0/0,0/0,1278,2602,1278,2602,0%,0.59,20%,62%,18%
Daniel Santos,2025-08-03,N/A,N/A,N/A,0/0,0/0,0/0,258,638,258,638,0%,0.28,24%,65%,11%
Daniel Zellhuber,2025-08-03,N/A,N/A,N/A,0/0,0/0,0/0,574,1467,574,1467,0%,0.30,26%,63%,10%
Danny Barlow,2025-08-03,N/A,N/A,N/A,0/0,0/0,0/0,173,342,173,342,0%,0.49,16%,70%,14%
Danny Silva,2025-08-03,N/A,N/A,N/A,0/0,0/0,0/0,331,561,331,561,0%,0.33,21%,67%,12%
Daria Zhelezniakova,2025-08-03,N/A,N/A,N/A,0/0,0/0,0/0,161,385,161,385,0%,0.00,34%,66%,0%
Darren Elkins,2025-08-03,N/A,N/A,N/A,0/0,0/0,0/0,1190,3096,1190,3096,0%,0.09,20%,76%,4%
Darrius Flowers,2025-08-03,N/A,N/A,N/A,0/0,0/0,0/0,94,189,94,189,0%,0.00,22%,46%,32%
Davey Grant,2025-08-03,N/A,N/A,N/A,0/0,0/0,0/0,892,2004,892,2004,0%,0.35,34%,41%,25%
David Martinez,2025-08-03,N/A,N/A,N/A,0/0,0/0,0/0,106,202,106,202,0%,0.76,6%,59%,35%
David Onama,2025-08-03,N/A,N/A,N/A,0/0,0/0,0/0,507,1001,507,1001,0%,0.62,12%,80%,8%
David Teymur,2025-08-03,N/A,N/A,N/A,0/0,0/0,0/0,299,692,299,692,0%,0.71,20%,45%,35%
Deiveson Figueiredo,2025-08-03,N/A,N/A,N/A,0/0,0/0,0/0,678,1245,678,1245,0%,0.75,27%,62%,11%
Deni Daffa,2025-08-03,N/A,N/A,N/A,0/0,0/0,0/0,0,0,0,0,0%,0,0%,0%,0%
Denise Gomes,2025-08-03,N/A,N/A,N/A,0/0,0/0,0/0,406,798,406,798,0%,0.51,26%,51%,23%
Dennis Buzukja,2025-08-03,N/A,N/A,N/A,0/0,0/0,0/0,300,690,300,690,0%,0.42,26%,55%,19%
Derrick Lewis,2025-08-03,N/A,N/A,N/A,0/0,0/0,0/0,667,1311,667,1311,0%,0.62,17%,79%,4%
Diego Ferreira,2025-08-03,N/A,N/A,N/A,0/0,0/0,0/0,753,1853,753,1853,0%,0.29,21%,72%,7%
Diego Lopes,2025-08-03,N/A,N/A,N/A,0/0,0/0,0/0,314,663,314,663,0%,0.71,13%,74%,13%
Dione Barbosa,2025-08-03,N/A,N/A,N/A,0/0,0/0,0/0,91,181,91,181,0%,0.00,20%,71%,9%
Diyar Nurgozhay,2025-08-03,N/A,N/A,N/A,0/0,0/0,0/0,47,96,47,96,0%,1.00,40%,43%,17%
Dominic Mar Fan,2025-08-03,N/A,N/A,N/A,0/0,0/0,0/0,0,0,0,0,0%,0,0%,0%,0%
Dominick Reyes,2025-08-03,N/A,N/A,N/A,0/0,0/0,0/0,549,1012,549,1012,0%,1.07,24%,58%,17%
Dooho Choi,2025-08-03,N/A,N/A,N/A,0/0,0/0,0/0,344,610,344,610,0%,0.81,19%,68%,14%
Drakkar Klose,2025-08-03,N/A,N/A,N/A,0/0,0/0,0/0,589,1064,589,1064,0%,0.22,30%,52%,19%
Drew Dober,2025-08-03,N/A,N/A,N/A,0/0,0/0,0/0,889,2207,889,2207,0%,0.66,22%,64%,13%
Dricus Du Plessis,2025-08-03,N/A,N/A,N/A,0/0,0/0,0/0,757,1549,757,1549,0%,0.48,18%,59%,23%
Duško Todorović,2025-08-03,N/A,N/A,N/A,0/0,0/0,0/0,384,669,384,669,0%,0.00,27%,67%,7%
Dustin Jacoby,2025-08-03,N/A,N/A,N/A,0/0,0/0,0/0,980,2043,980,2043,0%,0.58,15%,68%,17%
Dustin Poirier,2025-08-03,N/A,N/A,N/A,0/0,0/0,0/0,1907,3804,1907,3804,0%,0.62,10%,80%,10%
Dustin Stoltzfus,2025-08-03,N/A,N/A,N/A,0/0,0/0,0/0,292,642,292,642,0%,0.32,21%,52%,27%
Edgar Chairez,2025-08-03,N/A,N/A,N/A,0/0,0/0,0/0,184,414,184,414,0%,0.28,15%,55%,29%
Edmen Shahbazyan,2025-08-03,N/A,N/A,N/A,0/0,0/0,0/0,398,819,398,819,0%,0.99,25%,68%,7%
Edson Barboza,2025-08-03,N/A,N/A,N/A,0/0,0/0,0/0,1505,3411,1505,3411,0%,0.66,31%,44%,25%
Eduarda Moura,2025-08-03,N/A,N/A,N/A,0/0,0/0,0/0,171,451,171,451,0%,0.00,6%,86%,8%
Elijah Smith,2025-08-03,N/A,N/A,N/A,0/0,0/0,0/0,115,277,115,277,0%,0.00,10%,79%,11%
Elise Reed,2025-08-03,N/A,N/A,N/A,0/0,0/0,0/0,333,626,333,626,0%,0.15,23%,56%,21%
Elves Brener,2025-08-03,N/A,N/A,N/A,0/0,0/0,0/0,243,510,243,510,0%,0.49,22%,49%,29%
Erik Silva,2025-08-03,N/A,N/A,N/A,0/0,0/0,0/0,33,47,33,47,0%,0.00,18%,73%,9%
Erin Blanchfield,2025-08-03,N/A,N/A,N/A,0/0,0/0,0/0,591,1332,591,1332,0%,0.00,16%,70%,13%
Ernesta Kareckaitė,2025-08-03,N/A,N/A,N/A,0/0,0/0,0/0,332,787,332,787,0%,0.00,20%,76%,5%
Eryk Anders,2025-08-03,N/A,N/A,N/A,0/0,0/0,0/0,777,1615,777,1615,0%,0.48,25%,70%,5%
Esteban Ribovics,2025-08-03,N/A,N/A,N/A,0/0,0/0,0/0,502,1158,502,1158,0%,0.72,16%,76%,8%
Evan Elder,2025-08-03,N/A,N/A,N/A,0/0,0/0,0/0,353,693,353,693,0%,0.48,38%,46%,16%
Farès Ziam,2025-08-03,N/A,N/A,N/A,0/0,0/0,0/0,342,661,342,661,0%,0.12,20%,65%,15%
Farid Basharat,2025-08-03,N/A,N/A,N/A,0/0,0/0,0/0,280,505,280,505,0%,0.00,18%,62%,20%
Fatima Kline,2025-08-03,N/A,N/A,N/A,0/0,0/0,0/0,146,294,146,294,0%,0.40,22%,70%,8%
Felipe Bunes,2025-08-03,N/A,N/A,N/A,0/0,0/0,0/0,52,98,52,98,0%,0.00,21%,60%,19%
Felipe Lima,2025-08-03,N/A,N/A,N/A,0/0,0/0,0/0,118,262,118,262,0%,0.00,23%,59%,18%
Feng Xiaocan,2025-08-03,N/A,N/A,N/A,0/0,0/0,0/0,179,365,179,365,0%,0.00,8%,74%,18%
Fernando Padilla,2025-08-03,N/A,N/A,N/A,0/0,0/0,0/0,148,367,148,367,0%,1.23,20%,66%,15%
Former Roster,2025-08-03,N/A,N/A,N/A,0/0,0/0,0/0,0,0,0,0,0%,0,0%,0%,0%
Francis Marshall,2025-08-03,N/A,N/A,N/A,0/0,0/0,0/0,246,745,246,745,0%,0.42,6%,88%,7%
Francisco Prado,2025-08-03,N/A,N/A,N/A,0/0,0/0,0/0,262,601,262,601,0%,0.23,21%,50%,29%
Frankie Saenz,2025-08-03,N/A,N/A,N/A,0/0,0/0,0/0,509,1073,509,1073,0%,0.23,25%,47%,28%
Gabe Green,2025-08-03,N/A,N/A,N/A,0/0,0/0,0/0,353,782,353,782,0%,0.48,31%,45%,24%
Gabriel Bonfim,2025-08-03,N/A,N/A,N/A,0/0,0/0,0/0,253,561,253,561,0%,0.00,17%,62%,21%
Gabriel Santos,2025-08-03,N/A,N/A,N/A,0/0,0/0,0/0,223,368,223,368,0%,0.29,25%,56%,19%
Gabriella Fernandes,2025-08-03,N/A,N/A,N/A,0/0,0/0,0/0,186,396,186,396,0%,0.28,19%,66%,15%
Garrett Armfield,2025-08-03,N/A,N/A,N/A,0/0,0/0,0/0,291,542,291,542,0%,0.55,18%,77%,6%
Gaston Bolanos,2025-08-03,N/A,N/A,N/A,0/0,0/0,0/0,149,303,149,303,0%,0.00,23%,46%,31%
Gauge Young,2025-08-03,N/A,N/A,N/A,0/0,0/0,0/0,145,296,145,296,0%,0.00,35%,50%,15%
Gavin Tucker,2025-08-03,N/A,N/A,N/A,0/0,0/0,0/0,309,691,309,691,0%,0.00,25%,61%,14%
Geoff Neal,2025-08-03,N/A,N/A,N/A,0/0,0/0,0/0,672,1316,672,1316,0%,1.01,8%,86%,6%
George Mangos,2025-08-03,N/A,N/A,N/A,0/0,0/0,0/0,0,0,0,0,0%,0,0%,0%,0%
Gerald Meerschaert,2025-08-03,N/A,N/A,N/A,0/0,0/0,0/0,617,1353,617,1353,0%,0.22,17%,73%,10%
Giga Chikadze,2025-08-03,N/A,N/A,N/A,0/0,0/0,0/0,615,1439,615,1439,0%,0.56,25%,59%,16%
Gilbert Burns,2025-08-03,N/A,N/A,N/A,0/0,0/0,0/0,934,1933,934,1933,0%,0.20,22%,59%,19%
Gilbert Urbina,2025-08-03,N/A,N/A,N/A,0/0,0/0,0/0,112,196,112,196,0%,0.75,24%,61%,15%
Gillian Robertson,2025-08-03,N/A,N/A,N/A,0/0,0/0,0/0,548,1129,548,1129,0%,0.00,16%,68%,16%
Grant Dawson,2025-08-03,N/A,N/A,N/A,0/0,0/0,0/0,509,966,509,966,0%,0.09,17%,71%,12%
Gregory Rodrigues,2025-08-03,N/A,N/A,N/A,0/0,0/0,0/0,564,1093,564,1093,0%,1.03,20%,75%,5%
Gunnar Nelson,2025-08-03,N/A,N/A,N/A,0/0,0/0,0/0,292,477,292,477,0%,0.09,16%,76%,8%
Hailey Cowan,2025-08-03,N/A,N/A,N/A,0/0,0/0,0/0,92,218,92,218,0%,0.00,37%,59%,4%
Hamdy Abdelwahab,2025-08-03,N/A,N/A,N/A,0/0,0/0,0/0,157,320,157,320,0%,0.33,11%,70%,18%
Henry Cejudo,2025-08-03,N/A,N/A,N/A,0/0,0/0,0/0,778,1653,778,1653,0%,0.37,30%,54%,16%
Hyder Amil,2025-08-03,N/A,N/A,N/A,0/0,0/0,0/0,265,464,265,464,0%,0.39,25%,63%,12%
Ian Machado Garry,2025-08-03,N/A,N/A,N/A,0/0,0/0,0/0,0,0,0,0,0%,0,0%,0%,0%
Iasmin Lucindo,2025-08-03,N/A,N/A,N/A,0/0,0/0,0/0,246,548,246,548,0%,0.00,29%,63%,8%
Ibo Aslan,2025-08-03,N/A,N/A,N/A,0/0,0/0,0/0,166,353,166,353,0%,0.92,9%,75%,16%
Ignacio Bahamondes,2025-08-03,N/A,N/A,N/A,0/0,0/0,0/0,682,1484,682,1484,0%,0.72,22%,56%,22%
Ikram Aliskerov,2025-08-03,N/A,N/A,N/A,0/0,0/0,0/0,102,164,102,164,0%,3.42,28%,62%,10%
Ilia Topuria,2025-08-03,N/A,N/A,N/A,0/0,0/0,0/0,405,840,405,840,0%,1.25,17%,71%,12%
Ilian Bouafia,2025-08-03,N/A,N/A,N/A,0/0,0/0,0/0,0,0,0,0,0%,0,0%,0%,0%
Ion Cutelaba,2025-08-03,N/A,N/A,N/A,0/0,0/0,0/0,661,1523,661,1523,0%,0.19,18%,70%,12%
Irene Aldana,2025-08-03,N/A,N/A,N/A,0/0,0/0,0/0,1065,2667,1065,2667,0%,0.22,14%,70%,17%
Irina Alekseeva,2025-08-03,N/A,N/A,N/A,0/0,0/0,0/0,129,330,129,330,0%,0.47,19%,50%,30%
Isaac Dulgarian,2025-08-03,N/A,N/A,N/A,0/0,0/0,0/0,98,153,98,153,0%,0.00,2%,92%,6%
Islam Dulatov,2025-08-03,N/A,N/A,N/A,0/0,0/0,0/0,60,110,60,110,0%,4.39,17%,82%,2%
Islam Makhachev,2025-08-03,N/A,N/A,N/A,0/0,0/0,0/0,455,773,455,773,0%,0.35,24%,73%,4%
Ismael Bonfim,2025-08-03,N/A,N/A,N/A,0/0,0/0,0/0,270,489,270,489,0%,0.64,20%,67%,12%
Ismail Naurdiev,2025-08-03,N/A,N/A,N/A,0/0,0/0,0/0,332,628,332,628,0%,0.00,26%,55%,19%
Israel Adesanya,2025-08-03,N/A,N/A,N/A,0/0,0/0,0/0,1271,2639,1271,2639,0%,0.62,21%,49%,30%
Ivan Erslan,2025-08-03,N/A,N/A,N/A,0/0,0/0,0/0,75,169,75,169,0%,0.00,19%,76%,5%
Jack Becker,2025-08-03,N/A,N/A,N/A,0/0,0/0,0/0,0,0,0,0,0%,0,0%,0%,0%
Jack Della Maddalena,2025-08-03,N/A,N/A,N/A,0/0,0/0,0/0,0,0,0,0,0%,0,0%,0%,0%
Jack Hermansson,2025-08-03,N/A,N/A,N/A,0/0,0/0,0/0,1029,2278,1029,2278,0%,0.00,20%,57%,24%
Jack Jenkins,2025-08-03,N/A,N/A,N/A,0/0,0/0,0/0,341,555,341,555,0%,0.59,23%,57%,20%
Jacob Malkoun,2025-08-03,N/A,N/A,N/A,0/0,0/0,0/0,271,483,271,483,0%,0.00,8%,90%,1%
Jacobe Smith,2025-08-03,N/A,N/A,N/A,0/0,0/0,0/0,113,169,113,169,0%,0.82,7%,85%,8%
Jacqueline Cavalcanti,2025-08-03,N/A,N/A,N/A,0/0,0/0,0/0,344,745,344,745,0%,0.00,16%,51%,34%
Jafel Filho,2025-08-03,N/A,N/A,N/A,0/0,0/0,0/0,94,224,94,224,0%,0.31,26%,59%,16%
Jai Herbert,2025-08-03,N/A,N/A,N/A,0/0,0/0,0/0,322,792,322,792,0%,0.57,31%,51%,18%
Jailton Almeida,2025-08-03,N/A,N/A,N/A,0/0,0/0,0/0,179,273,179,273,0%,0.00,6%,92%,3%
Jake Matthews,2025-08-03,N/A,N/A,N/A,0/0,0/0,0/0,852,1939,852,1939,0%,0.30,17%,71%,11%
Jamahal Hill,2025-08-03,N/A,N/A,N/A,0/0,0/0,0/0,770,1486,770,1486,0%,0.48,24%,66%,9%
Jamall Emmers,2025-08-03,N/A,N/A,N/A,0/0,0/0,0/0,423,862,423,862,0%,0.77,29%,57%,13%
Jamie Mullarkey,2025-08-03,N/A,N/A,N/A,0/0,0/0,0/0,456,979,456,979,0%,0.29,22%,50%,28%
Jan Błachowicz,2025-08-03,N/A,N/A,N/A,0/0,0/0,0/0,953,1914,953,1914,0%,0.33,21%,61%,18%
Jaqueline Amorim,2025-08-03,N/A,N/A,N/A,0/0,0/0,0/0,109,204,109,204,0%,0.00,11%,87%,2%
Jared Cannonier,2025-08-03,N/A,N/A,N/A,0/0,0/0,0/0,1210,2419,1210,2419,0%,0.40,20%,63%,17%
Jared Gordon,2025-08-03,N/A,N/A,N/A,0/0,0/0,0/0,978,1752,978,1752,0%,0.17,17%,74%,10%
Jasmine Jasudavicius,2025-08-03,N/A,N/A,N/A,0/0,0/0,0/0,555,1208,555,1208,0%,0.10,23%,70%,7%
Javid Basharat,2025-08-03,N/A,N/A,N/A,0/0,0/0,0/0,451,837,451,837,0%,0.00,28%,59%,13%
Jean Matsumoto,2025-08-03,N/A,N/A,N/A,0/0,0/0,0/0,285,692,285,692,0%,0.00,9%,62%,28%
Jean Silva,2025-08-03,N/A,N/A,N/A,0/0,0/0,0/0,244,468,244,468,0%,1.50,27%,71%,2%
Jeremiah Wells,2025-08-03,N/A,N/A,N/A,0/0,0/0,0/0,129,297,129,297,0%,0.56,15%,85%,0%
Jeremy Stephens,2025-08-03,N/A,N/A,N/A,0/0,0/0,0/0,1276,3125,1276,3125,0%,0.67,17%,59%,24%
Jéssica Andrade,2025-08-03,N/A,N/A,N/A,0/0,0/0,0/0,1734,3460,1734,3460,0%,0.39,22%,63%,15%
Jesus Aguilar,2025-08-03,N/A,N/A,N/A,0/0,0/0,0/0,85,185,85,185,0%,0.30,13%,69%,18%
Jhonata Diniz,2025-08-03,N/A,N/A,N/A,0/0,0/0,0/0,231,406,231,406,0%,0.89,6%,76%,19%
Jim Miller,2025-08-03,N/A,N/A,N/A,0/0,0/0,0/0,1313,3120,1313,3120,0%,0.20,20%,59%,21%
Jimmy Crute,2025-08-03,N/A,N/A,N/A,0/0,0/0,0/0,328,626,328,626,0%,0.76,15%,72%,13%
Jimmy Drago,2025-08-03,N/A,N/A,N/A,0/0,0/0,0/0,0,0,0,0,0%,0,0%,0%,0%
Jin Aoi,2025-08-03,N/A,N/A,N/A,0/0,0/0,0/0,0,0,0,0,0%,0,0%,0%,0%
Jiří Procházka,2025-08-03,N/A,N/A,N/A,0/0,0/0,0/0,433,775,433,775,0%,0.79,15%,80%,5%
Joanderson Brito,2025-08-03,N/A,N/A,N/A,0/0,0/0,0/0,194,388,194,388,0%,0.19,16%,54%,29%
Joaquim Silva,2025-08-03,N/A,N/A,N/A,0/0,0/0,0/0,424,976,424,976,0%,0.39,28%,59%,13%
Joaquin Buckley,2025-08-03,N/A,N/A,N/A,0/0,0/0,0/0,718,1957,718,1957,0%,0.73,28%,62%,10%
Joe Lauzon,2025-08-03,N/A,N/A,N/A,0/0,0/0,0/0,605,1525,605,1525,0%,0.21,9%,89%,2%
Joe Pyfer,2025-08-03,N/A,N/A,N/A,0/0,0/0,0/0,249,577,249,577,0%,1.13,24%,65%,10%
Joel Álvarez,2025-08-03,N/A,N/A,N/A,0/0,0/0,0/0,287,534,287,534,0%,0.24,22%,64%,14%
John Castaneda,2025-08-03,N/A,N/A,N/A,0/0,0/0,0/0,512,1011,512,1011,0%,0.52,16%,57%,27%
Johnny Walker,2025-08-03,N/A,N/A,N/A,0/0,0/0,0/0,390,730,390,730,0%,0.60,11%,53%,36%
Jonathan Martinez,2025-08-03,N/A,N/A,N/A,0/0,0/0,0/0,887,1789,887,1789,0%,0.68,22%,56%,22%
Jonathan Micallef,2025-08-03,N/A,N/A,N/A,0/0,0/0,0/0,86,196,86,196,0%,0.83,34%,60%,6%
Jonny Parsons,2025-08-03,N/A,N/A,N/A,0/0,0/0,0/0,116,260,116,260,0%,1.20,22%,62%,16%
Jordan Leavitt,2025-08-03,N/A,N/A,N/A,0/0,0/0,0/0,141,230,141,230,0%,0.27,26%,23%,52%
Jordan Vucenic,2025-08-03,N/A,N/A,N/A,0/0,0/0,0/0,50,111,50,111,0%,0.63,22%,72%,6%
Jose Daniel Medina,2025-08-03,N/A,N/A,N/A,0/0,0/0,0/0,73,198,73,198,0%,0.00,21%,63%,16%
Jose Miguel Delgado,2025-08-03,N/A,N/A,N/A,0/0,0/0,0/0,70,141,70,141,0%,4.58,29%,67%,4%
Jose Ochoa,2025-08-03,N/A,N/A,N/A,0/0,0/0,0/0,106,282,106,282,0%,0.43,31%,37%,32%
Joselyne Edwards,2025-08-03,N/A,N/A,N/A,0/0,0/0,0/0,633,1183,633,1183,0%,0.00,32%,37%,31%
Josh Emmett,2025-08-03,N/A,N/A,N/A,0/0,0/0,0/0,772,2155,772,2155,0%,0.87,21%,64%,15%
Joshua Van,2025-08-03,N/A,N/A,N/A,0/0,0/0,0/0,1097,1931,1097,1931,0%,0.61,20%,70%,9%
Josiane Nunes,2025-08-03,N/A,N/A,N/A,0/0,0/0,0/0,382,887,382,887,0%,0.67,22%,66%,11%
Josias Musasa,2025-08-03,N/A,N/A,N/A,0/0,0/0,0/0,63,144,63,144,0%,0.00,29%,49%,22%
Julia Polastri,2025-08-03,N/A,N/A,N/A,0/0,0/0,0/0,388,702,388,702,0%,0.00,26%,62%,13%
Julian Erosa,2025-08-03,N/A,N/A,N/A,0/0,0/0,0/0,892,1835,892,1835,0%,0.21,24%,66%,10%
Juliana Miller,2025-08-03,N/A,N/A,N/A,0/0,0/0,0/0,130,294,130,294,0%,0.00,24%,68%,8%
Julianna Peña,2025-08-03,N/A,N/A,N/A,0/0,0/0,0/0,493,1109,493,1109,0%,0.00,19%,78%,3%
Julija Stoliarenko,2025-08-03,N/A,N/A,N/A,0/0,0/0,0/0,202,515,202,515,0%,0.00,19%,66%,15%
Julius Walker,2025-08-03,N/A,N/A,N/A,0/0,0/0,0/0,86,171,86,171,0%,0.00,38%,43%,19%
Junior Tafa,2025-08-03,N/A,N/A,N/A,0/0,0/0,0/0,141,275,141,275,0%,0.34,15%,84%,1%
Justin Gaethje,2025-08-03,N/A,N/A,N/A,0/0,0/0,0/0,1036,1762,1036,1762,0%,0.67,11%,62%,27%
Justin Tafa,2025-08-03,N/A,N/A,N/A,0/0,0/0,0/0,221,406,221,406,0%,1.10,28%,58%,14%
Kaan Ofli,2025-08-03,N/A,N/A,N/A,0/0,0/0,0/0,43,94,43,94,0%,0.00,40%,35%,26%
Kai Asakura,2025-08-03,N/A,N/A,N/A,0/0,0/0,0/0,17,29,17,29,0%,0.00,29%,59%,12%
Kai Yoshida,2025-08-03,N/A,N/A,N/A,0/0,0/0,0/0,0,0,0,0,0%,0,0%,0%,0%
Kamaru Usman,2025-08-03,N/A,N/A,N/A,0/0,0/0,0/0,1411,2719,1411,2719,0%,0.44,29%,64%,8%
Karine Silva,2025-08-03,N/A,N/A,N/A,0/0,0/0,0/0,147,381,147,381,0%,0.31,25%,44%,31%
Karol Rosa,2025-08-03,N/A,N/A,N/A,0/0,0/0,0/0,1026,1833,1026,1833,0%,0.18,13%,58%,30%
Karolina Kowalkiewicz,2025-08-03,N/A,N/A,N/A,0/0,0/0,0/0,1322,3051,1322,3051,0%,0.00,25%,63%,12%
Katlyn Cerminara,2025-08-03,N/A,N/A,N/A,0/0,0/0,0/0,1104,3159,1104,3159,0%,0.06,24%,61%,14%
Kauê Fernandes,2025-08-03,N/A,N/A,N/A,0/0,0/0,0/0,4,8,4,8,0%,0.00,25%,50%,25%
Kayla Harrison,2025-08-03,N/A,N/A,N/A,0/0,0/0,0/0,136,219,136,219,0%,0.00,20%,71%,9%
Keiichiro Nakamura,2025-08-03,N/A,N/A,N/A,0/0,0/0,0/0,0,0,0,0,0%,0,0%,0%,0%
Kelvin Gastelum,2025-08-03,N/A,N/A,N/A,0/0,0/0,0/0,1203,2858,1203,2858,0%,0.41,18%,66%,17%
Kennedy Freeman,2025-08-03,N/A,N/A,N/A,0/0,0/0,0/0,0,0,0,0,0%,0,0%,0%,0%
Kennedy Nzechukwu,2025-08-03,N/A,N/A,N/A,0/0,0/0,0/0,721,1542,721,1542,0%,0.44,16%,83%,1%
Ketlen Souza,2025-08-03,N/A,N/A,N/A,0/0,0/0,0/0,171,289,171,289,0%,0.43,31%,53%,16%
Ketlen Vieira,2025-08-03,N/A,N/A,N/A,0/0,0/0,0/0,566,1371,566,1371,0%,0.00,14%,77%,8%
Kevin Borjas,2025-08-03,N/A,N/A,N/A,0/0,0/0,0/0,263,588,263,588,0%,0.29,11%,81%,7%
Kevin Holland,2025-08-03,N/A,N/A,N/A,0/0,0/0,0/0,1263,2525,1263,2525,0%,0.36,19%,55%,26%
Kevin Vallejos,2025-08-03,N/A,N/A,N/A,0/0,0/0,0/0,133,260,133,260,0%,1.46,38%,46%,17%
Khamzat Chimaev,2025-08-03,N/A,N/A,N/A,0/0,0/0,0/0,261,443,261,443,0%,0.62,8%,85%,8%
Khaos Williams,2025-08-03,N/A,N/A,N/A,0/0,0/0,0/0,486,1236,486,1236,0%,0.76,20%,48%,32%
Kiefer Crosbie,2025-08-03,N/A,N/A,N/A,0/0,0/0,0/0,288,558,288,558,0%,0.00,16%,55%,29%
King Green,2025-08-03,N/A,N/A,N/A,0/0,0/0,0/0,0,0,0,0,0%,0,0%,0%,0%
Kiru Sahota,2025-08-03,N/A,N/A,N/A,0/0,0/0,0/0,0,0,0,0,0%,0,0%,0%,0%
Kitt Campbell,2025-08-03,N/A,N/A,N/A,0/0,0/0,0/0,0,0,0,0,0%,0,0%,0%,0%
Klaudia Syguła,2025-08-03,N/A,N/A,N/A,0/0,0/0,0/0,113,213,113,213,0%,0.00,19%,60%,20%
Kody Steele,2025-08-03,N/A,N/A,N/A,0/0,0/0,0/0,107,327,107,327,0%,0.62,22%,74%,4%
Kris Moutinho,2025-08-03,N/A,N/A,N/A,0/0,0/0,0/0,87,275,87,275,0%,0.00,10%,57%,32%
Kurt Holobaugh,2025-08-03,N/A,N/A,N/A,0/0,0/0,0/0,531,1181,531,1181,0%,0.26,24%,62%,14%
Kuya Ito,2025-08-03,N/A,N/A,N/A,0/0,0/0,0/0,0,0,0,0,0%,0,0%,0%,0%
Kyle Nelson,2025-08-03,N/A,N/A,N/A,0/0,0/0,0/0,349,764,349,764,0%,0.00,27%,54%,19%
Kyle Prepolec,2025-08-03,N/A,N/A,N/A,0/0,0/0,0/0,108,302,108,302,0%,0.00,30%,56%,14%
Kyler Phillips,2025-08-03,N/A,N/A,N/A,0/0,0/0,0/0,621,1447,621,1447,0%,0.37,18%,67%,14%
Lando Vannata,2025-08-03,N/A,N/A,N/A,0/0,0/0,0/0,684,1510,684,1510,0%,0.50,25%,50%,25%
Lauren Murphy,2025-08-03,N/A,N/A,N/A,0/0,0/0,0/0,864,2245,864,2245,0%,0.07,13%,75%,12%
Lawrence Lui,2025-08-03,N/A,N/A,N/A,0/0,0/0,0/0,0,0,0,0,0%,0,0%,0%,0%
Leon Edwards,2025-08-03,N/A,N/A,N/A,0/0,0/0,0/0,861,1589,861,1589,0%,0.23,24%,56%,20%
Lerone Murphy,2025-08-03,N/A,N/A,N/A,0/0,0/0,0/0,610,1129,610,1129,0%,0.22,20%,66%,14%
Li Jingliang,2025-08-03,N/A,N/A,N/A,0/0,0/0,0/0,846,1994,846,1994,0%,0.79,13%,56%,31%
Light Heavyweight,2025-08-03,N/A,N/A,N/A,0/0,0/0,0/0,0,0,0,0,0%,0,0%,0%,0%
Loik Radzhabov,2025-08-03,N/A,N/A,N/A,0/0,0/0,0/0,140,315,140,315,0%,0.31,12%,86%,2%
Loma Lookboonmee,2025-08-03,N/A,N/A,N/A,0/0,0/0,0/0,486,863,486,863,0%,0.00,45%,36%,19%
Loopy Godinez,2025-08-03,N/A,N/A,N/A,0/0,0/0,0/0,762,1557,762,1557,0%,0.08,17%,77%,6%
Luan Lacerda,2025-08-03,N/A,N/A,N/A,0/0,0/0,0/0,108,245,108,245,0%,0.00,49%,44%,7%
Luana Carolina,2025-08-03,N/A,N/A,N/A,0/0,0/0,0/0,641,1263,641,1263,0%,0.11,31%,53%,16%
Luana Pinheiro,2025-08-03,N/A,N/A,N/A,0/0,0/0,0/0,297,750,297,750,0%,0.33,23%,60%,17%
Luana Santos,2025-08-03,N/A,N/A,N/A,0/0,0/0,0/0,174,329,174,329,0%,0.00,29%,59%,12%
Lucas Almeida,2025-08-03,N/A,N/A,N/A,0/0,0/0,0/0,327,824,327,824,0%,0.68,19%,56%,25%
Lucas Rocha,2025-08-03,N/A,N/A,N/A,0/0,0/0,0/0,25,56,25,56,0%,1.20,28%,64%,8%
Ludovit Klein,2025-08-03,N/A,N/A,N/A,0/0,0/0,0/0,494,935,494,935,0%,0.54,33%,55%,12%
Luis Gurule,2025-08-03,N/A,N/A,N/A,0/0,0/0,0/0,117,240,117,240,0%,0.00,14%,70%,16%
Lukasz Brzeski,2025-08-03,N/A,N/A,N/A,0/0,0/0,0/0,357,712,357,712,0%,0.00,25%,53%,22%
Lyman Good,2025-08-03,N/A,N/A,N/A,0/0,0/0,0/0,293,601,293,601,0%,0.82,18%,73%,9%
Mackenzie Dern,2025-08-03,N/A,N/A,N/A,0/0,0/0,0/0,668,1658,668,1658,0%,0.15,13%,76%,10%
Macy Chiasson,2025-08-03,N/A,N/A,N/A,0/0,0/0,0/0,428,923,428,923,0%,0.24,34%,56%,11%
Magomed Ankalaev,2025-08-03,N/A,N/A,N/A,0/0,0/0,0/0,686,1299,686,1299,0%,0.56,27%,56%,17%
Mairon Santos,2025-08-03,N/A,N/A,N/A,0/0,0/0,0/0,0,0,0,0,0%,0,0%,0%,0%
Malcolm Wellmaker,2025-08-03,N/A,N/A,N/A,0/0,0/0,0/0,51,81,51,81,0%,6.35,35%,47%,18%
Mandel Nallo,2025-08-03,N/A,N/A,N/A,0/0,0/0,0/0,0,0,0,0,0%,0,0%,0%,0%
Manel Kape,2025-08-03,N/A,N/A,N/A,0/0,0/0,0/0,544,974,544,974,0%,0.83,19%,68%,13%
Manolo Zecchini,2025-08-03,N/A,N/A,N/A,0/0,0/0,0/0,9,41,9,41,0%,0.00,11%,56%,33%
Manon Fiorot,2025-08-03,N/A,N/A,N/A,0/0,0/0,0/0,633,1183,633,1183,0%,0.00,32%,37%,31%
Mansher Khera,2025-08-03,N/A,N/A,N/A,0/0,0/0,0/0,0,0,0,0,0%,0,0%,0%,0%
Manuel Torres,2025-08-03,N/A,N/A,N/A,0/0,0/0,0/0,118,196,118,196,0%,4.00,25%,67%,8%
Marcin Prachnio,2025-08-03,N/A,N/A,N/A,0/0,0/0,0/0,593,1087,593,1087,0%,0.14,34%,30%,36%
Marcin Tybura,2025-08-03,N/A,N/A,N/A,0/0,0/0,0/0,891,1835,891,1835,0%,0.06,21%,66%,13%
Marco Tulio,2025-08-03,N/A,N/A,N/A,0/0,0/0,0/0,256,424,256,424,0%,2.21,27%,54%,19%
Mario Bautista,2025-08-03,N/A,N/A,N/A,0/0,0/0,0/0,715,1451,715,1451,0%,0.13,26%,61%,12%
Mario Pinto,2025-08-03,N/A,N/A,N/A,0/0,0/0,0/0,27,38,27,38,0%,4.07,7%,67%,26%
Mark Choinski,2025-08-03,N/A,N/A,N/A,0/0,0/0,0/0,58,114,58,114,0%,0.00,12%,83%,5%
Marlon Vera,2025-08-03,N/A,N/A,N/A,0/0,0/0,0/0,1382,2813,1382,2813,0%,0.56,21%,54%,25%
Marnic Mann,2025-08-03,N/A,N/A,N/A,0/0,0/0,0/0,58,140,58,140,0%,0.00,14%,34%,52%
Martin Buday,2025-08-03,N/A,N/A,N/A,0/0,0/0,0/0,446,838,446,838,0%,0.30,21%,62%,17%
Marvin Vettori,2025-08-03,N/A,N/A,N/A,0/0,0/0,0/0,1376,3005,1376,3005,0%,0.05,11%,77%,12%
Maryna Moroz,2025-08-03,N/A,N/A,N/A,0/0,0/0,0/0,662,1970,662,1970,0%,0.00,29%,63%,9%
Mason Jones,2025-08-03,N/A,N/A,N/A,0/0,0/0,0/0,374,891,374,891,0%,0.00,25%,66%,9%
Mateusz Gamrot,2025-08-03,N/A,N/A,N/A,0/0,0/0,0/0,462,890,462,890,0%,0.11,14%,76%,10%
Mateusz Rębecki,2025-08-03,N/A,N/A,N/A,0/0,0/0,0/0,276,567,276,567,0%,1.02,22%,62%,17%
Matheus Camilo,2025-08-03,N/A,N/A,N/A,0/0,0/0,0/0,13,27,13,27,0%,0.00,31%,46%,23%
Matt Brown,2025-08-03,N/A,N/A,N/A,0/0,0/0,0/0,1039,1874,1039,1874,0%,0.60,30%,61%,9%
Matt Frevola,2025-08-03,N/A,N/A,N/A,0/0,0/0,0/0,317,774,317,774,0%,1.12,20%,68%,13%
Matt Schnell,2025-08-03,N/A,N/A,N/A,0/0,0/0,0/0,502,1244,502,1244,0%,0.12,13%,73%,15%
Mauricio Ruffy,2025-08-03,N/A,N/A,N/A,0/0,0/0,0/0,166,282,166,282,0%,1.23,7%,75%,18%
Max Griffin,2025-08-03,N/A,N/A,N/A,0/0,0/0,0/0,882,1861,882,1861,0%,0.51,20%,66%,14%
Max Holloway,2025-08-03,N/A,N/A,N/A,0/0,0/0,0/0,3655,7602,3655,7602,0%,0.35,24%,65%,11%
Maycee Barber,2025-08-03,N/A,N/A,N/A,0/0,0/0,0/0,687,1293,687,1293,0%,0.00,19%,67%,14%
Mayra Bueno Silva,2025-08-03,N/A,N/A,N/A,0/0,0/0,0/0,506,865,506,865,0%,0.00,32%,49%,19%
Melissa Gatto,2025-08-03,N/A,N/A,N/A,0/0,0/0,0/0,232,466,232,466,0%,0.24,29%,56%,15%
Melissa Martinez,2025-08-03,N/A,N/A,N/A,0/0,0/0,0/0,161,342,161,342,0%,0.00,31%,41%,28%
Melissa Mullins,2025-08-03,N/A,N/A,N/A,0/0,0/0,0/0,165,327,165,327,0%,0.00,12%,82%,6%
Melquizael Costa,2025-08-03,N/A,N/A,N/A,0/0,0/0,0/0,339,680,339,680,0%,0.00,32%,47%,21%
Melsik Baghdasaryan,2025-08-03,N/A,N/A,N/A,0/0,0/0,0/0,318,533,318,533,0%,0.24,39%,47%,14%
Merab Dvalishvili,2025-08-03,N/A,N/A,N/A,0/0,0/0,0/0,1074,2533,1074,2533,0%,0.06,18%,64%,18%
Michael Chandler,2025-08-03,N/A,N/A,N/A,0/0,0/0,0/0,434,871,434,871,0%,0.42,19%,70%,11%
Michael Chiesa,2025-08-03,N/A,N/A,N/A,0/0,0/0,0/0,409,1005,409,1005,0%,0.07,22%,73%,5%
Michael Johnson,2025-08-03,N/A,N/A,N/A,0/0,0/0,0/0,1541,3885,1541,3885,0%,0.54,32%,53%,15%
Michael Morales,2025-08-03,N/A,N/A,N/A,0/0,0/0,0/0,385,782,385,782,0%,1.31,8%,78%,15%
Michael Page,2025-08-03,N/A,N/A,N/A,0/0,0/0,0/0,125,201,125,201,0%,0.30,20%,66%,14%
Michal Oleksiejczuk,2025-08-03,N/A,N/A,N/A,0/0,0/0,0/0,526,1024,526,1024,0%,1.20,29%,67%,4%
Michel Pereira,2025-08-03,N/A,N/A,N/A,0/0,0/0,0/0,652,1245,652,1245,0%,0.31,42%,46%,11%
Mick Parkin,2025-08-03,N/A,N/A,N/A,0/0,0/0,0/0,307,614,307,614,0%,0.23,7%,62%,31%
Mickey Gall,2025-08-03,N/A,N/A,N/A,0/0,0/0,0/0,366,738,366,738,0%,0.29,16%,79%,5%
Miesha Tate,2025-08-03,N/A,N/A,N/A,0/0,0/0,0/0,738,1662,738,1662,0%,0.05,28%,64%,9%
Mike Davis,2025-08-03,N/A,N/A,N/A,0/0,0/0,0/0,0,0,0,0,0%,0,0%,0%,0%
Mike Malott,2025-08-03,N/A,N/A,N/A,0/0,0/0,0/0,265,553,265,553,0%,0.69,22%,57%,21%
Miles Johns,2025-08-03,N/A,N/A,N/A,0/0,0/0,0/0,466,1052,466,1052,0%,0.31,12%,78%,11%
Miranda Maverick,2025-08-03,N/A,N/A,N/A,0/0,0/0,0/0,514,1155,514,1155,0%,0.00,24%,55%,22%
Mitch Ramirez,2025-08-03,N/A,N/A,N/A,0/0,0/0,0/0,90,203,90,203,0%,0.00,18%,44%,38%
Mitch Raposo,2025-08-03,N/A,N/A,N/A,0/0,0/0,0/0,62,184,62,184,0%,0.00,21%,71%,8%
Modestas Bukauskas,2025-08-03,N/A,N/A,N/A,0/0,0/0,0/0,313,731,313,731,0%,0.16,19%,71%,10%
Mohammad Yahya,2025-08-03,N/A,N/A,N/A,0/0,0/0,0/0,104,261,104,261,0%,0.00,27%,68%,5%
Mohammed Usman,2025-08-03,N/A,N/A,N/A,0/0,0/0,0/0,310,791,310,791,0%,0.19,38%,61%,1%
Montel Jackson,2025-08-03,N/A,N/A,N/A,0/0,0/0,0/0,402,756,402,756,0%,1.56,19%,73%,8%
Montserrat Conejo Ruiz,2025-08-03,N/A,N/A,N/A,0/0,0/0,0/0,0,0,0,0,0%,0,0%,0%,0%
Montserrat Rendon,2025-08-03,N/A,N/A,N/A,0/0,0/0,0/0,94,329,94,329,0%,0.00,16%,68%,16%
Morgan Charriere,2025-08-03,N/A,N/A,N/A,0/0,0/0,0/0,203,406,203,406,0%,0.90,24%,61%,15%
Movsar Evloev,2025-08-03,N/A,N/A,N/A,0/0,0/0,0/0,539,1123,539,1123,0%,0.00,11%,80%,9%
Mridul Saikia,2025-08-03,N/A,N/A,N/A,0/0,0/0,0/0,0,0,0,0,0%,0,0%,0%,0%
Muhammad Naimov,2025-08-03,N/A,N/A,N/A,0/0,0/0,0/0,209,510,209,510,0%,0.19,22%,61%,17%
Muin Gafurov,2025-08-03,N/A,N/A,N/A,0/0,0/0,0/0,177,386,177,386,0%,0.25,19%,65%,16%
Muslim Salikhov,2025-08-03,N/A,N/A,N/A,0/0,0/0,0/0,425,855,425,855,0%,0.60,29%,53%,17%
Myktybek Orolbai,2025-08-03,N/A,N/A,N/A,0/0,0/0,0/0,4,8,4,8,0%,0.00,25%,50%,25%
Namsrai Batbayar,2025-08-03,N/A,N/A,N/A,0/0,0/0,0/0,0,0,0,0,0%,0,0%,0%,0%
Nasrat Haqparast,2025-08-03,N/A,N/A,N/A,0/0,0/0,0/0,1110,2440,1110,2440,0%,0.61,22%,75%,4%
Nassourdine Imavov,2025-08-03,N/A,N/A,N/A,0/0,0/0,0/0,703,1264,703,1264,0%,0.19,20%,68%,12%
Natalia Silva,2025-08-03,N/A,N/A,N/A,0/0,0/0,0/0,451,976,451,976,0%,0.34,22%,59%,20%
Nate Landwehr,2025-08-03,N/A,N/A,N/A,0/0,0/0,0/0,556,1218,556,1218,0%,0.15,14%,74%,12%
Nathan Fletcher,2025-08-03,N/A,N/A,N/A,0/0,0/0,0/0,73,120,73,120,0%,0.00,16%,74%,10%
Nathaniel Wood,2025-08-03,N/A,N/A,N/A,0/0,0/0,0/0,903,1737,903,1737,0%,0.38,11%,55%,34%
Navajo Stirling,2025-08-03,N/A,N/A,N/A,0/0,0/0,0/0,240,456,240,456,0%,0.80,33%,43%,25%
Nazim Sadykhov,2025-08-03,N/A,N/A,N/A,0/0,0/0,0/0,322,639,322,639,0%,0.78,22%,69%,8%
Neemias Santana,2025-08-03,N/A,N/A,N/A,0/0,0/0,0/0,0,0,0,0,0%,0,0%,0%,0%
Neil Magny,2025-08-03,N/A,N/A,N/A,0/0,0/0,0/0,1428,3077,1428,3077,0%,0.07,19%,70%,11%
Nick Diaz,2025-08-03,N/A,N/A,N/A,0/0,0/0,0/0,1876,4415,1876,4415,0%,0.41,19%,74%,7%
Nick Klein,2025-08-03,N/A,N/A,N/A,0/0,0/0,0/0,29,48,29,48,0%,0.00,10%,17%,72%
Nicolae Negumereanu,2025-08-03,N/A,N/A,N/A,0/0,0/0,0/0,210,510,210,510,0%,0.00,10%,75%,15%
Nicolas Dalby,2025-08-03,N/A,N/A,N/A,0/0,0/0,0/0,746,1711,746,1711,0%,0.16,24%,60%,16%
Nicolle Caliari,2025-08-03,N/A,N/A,N/A,0/0,0/0,0/0,108,284,108,284,0%,0.00,25%,63%,12%
Nikita Krylov,2025-08-03,N/A,N/A,N/A,0/0,0/0,0/0,566,1035,566,1035,0%,0.57,23%,64%,13%
Niko Price,2025-08-03,N/A,N/A,N/A,0/0,0/0,0/0,860,1984,860,1984,0%,0.45,16%,61%,22%
Nikolas Motta,2025-08-03,N/A,N/A,N/A,0/0,0/0,0/0,273,712,273,712,0%,1.13,13%,79%,8%
Nikolay Veretennikov,2025-08-03,N/A,N/A,N/A,0/0,0/0,0/0,163,295,163,295,0%,0.00,38%,51%,11%
Nora Cornolle,2025-08-03,N/A,N/A,N/A,0/0,0/0,0/0,138,254,138,254,0%,0.33,35%,36%,30%
Norma Dumont,2025-08-03,N/A,N/A,N/A,0/0,0/0,0/0,574,1147,574,1147,0%,0.20,20%,64%,15%
Nursulton Ruziboev,2025-08-03,N/A,N/A,N/A,0/0,0/0,0/0,104,223,104,223,0%,1.12,25%,69%,6%
Nurullo Aliev,2025-08-03,N/A,N/A,N/A,0/0,0/0,0/0,84,184,84,184,0%,0.00,11%,87%,2%
Nyamjargal Tumendemberel,2025-08-03,N/A,N/A,N/A,0/0,0/0,0/0,97,251,97,251,0%,0.97,16%,76%,7%
Oban Elliott,2025-08-03,N/A,N/A,N/A,0/0,0/0,0/0,247,513,247,513,0%,0.21,17%,66%,16%
Ode Osbourne,2025-08-03,N/A,N/A,N/A,0/0,0/0,0/0,260,638,260,638,0%,0.74,20%,67%,13%
Ottman Azaitar,2025-08-03,N/A,N/A,N/A,0/0,0/0,0/0,83,186,83,186,0%,0.80,29%,65%,6%
Oumar Sy,2025-08-03,N/A,N/A,N/A,0/0,0/0,0/0,124,248,124,248,0%,0.00,23%,48%,29%
Ozzy Diaz,2025-08-03,N/A,N/A,N/A,0/0,0/0,0/0,155,307,155,307,0%,0.00,10%,85%,5%
Paddy Pimblett,2025-08-03,N/A,N/A,N/A,0/0,0/0,0/0,324,602,324,602,0%,0.48,12%,66%,22%
Pat Sabatini,2025-08-03,N/A,N/A,N/A,0/0,0/0,0/0,141,227,141,227,0%,0.20,16%,78%,6%
Patchy Mix,2025-08-03,N/A,N/A,N/A,0/0,0/0,0/0,0,0,0,0,0%,0,0%,0%,0%
Patricio Pitbull,2025-08-03,N/A,N/A,N/A,0/0,0/0,0/0,215,491,215,491,0%,0.19,20%,69%,10%
Paul Craig,2025-08-03,N/A,N/A,N/A,0/0,0/0,0/0,415,914,415,914,0%,0.09,32%,51%,18%
Paulo Costa,2025-08-03,N/A,N/A,N/A,0/0,0/0,0/0,879,1496,879,1496,0%,0.53,41%,45%,14%
Payton Talbott,2025-08-03,N/A,N/A,N/A,0/0,0/0,0/0,373,679,373,679,0%,0.49,18%,72%,9%
Pedro Munhoz,2025-08-03,N/A,N/A,N/A,0/0,0/0,0/0,1358,3239,1358,3239,0%,0.42,16%,53%,30%
Pete Rodriguez,2025-08-03,N/A,N/A,N/A,0/0,0/0,0/0,47,107,47,107,0%,2.96,30%,51%,19%
Petr Yan,2025-08-03,N/A,N/A,N/A,0/0,0/0,0/0,1317,2422,1317,2422,0%,0.58,20%,68%,12%
Phil Rowe,2025-08-03,N/A,N/A,N/A,0/0,0/0,0/0,396,793,396,793,0%,0.60,14%,75%,11%
Piera Rodriguez,2025-08-03,N/A,N/A,N/A,0/0,0/0,0/0,264,546,264,546,0%,0.19,36%,58%,7%
Polyana Viana,2025-08-03,N/A,N/A,N/A,0/0,0/0,0/0,218,542,218,542,0%,0.19,30%,50%,19%
Preston Parsons,2025-08-03,N/A,N/A,N/A,0/0,0/0,0/0,230,444,230,444,0%,0.00,14%,63%,23%
Priscila Cachoeira,2025-08-03,N/A,N/A,N/A,0/0,0/0,0/0,404,908,404,908,0%,0.45,19%,75%,6%
Puja Tomar,2025-08-03,N/A,N/A,N/A,0/0,0/0,0/0,131,271,131,271,0%,0.64,46%,39%,15%
Punahele Soriano,2025-08-03,N/A,N/A,N/A,0/0,0/0,0/0,458,855,458,855,0%,0.98,20%,76%,3%
Quang Le,2025-08-03,N/A,N/A,N/A,0/0,0/0,0/0,90,238,90,238,0%,0.00,32%,60%,8%
Quillan Salkilld,2025-08-03,N/A,N/A,N/A,0/0,0/0,0/0,166,277,166,277,0%,0.49,33%,56%,11%
Radley Da Silva,2025-08-03,N/A,N/A,N/A,0/0,0/0,0/0,0,0,0,0,0%,0,0%,0%,0%
Rafa Garcia,2025-08-03,N/A,N/A,N/A,0/0,0/0,0/0,487,1108,487,1108,0%,0.00,15%,77%,8%
Rafael Cerqueira,2025-08-03,N/A,N/A,N/A,0/0,0/0,0/0,10,23,10,23,0%,0.00,0%,40%,60%
Rafael Dos Anjos,2025-08-03,N/A,N/A,N/A,0/0,0/0,0/0,1822,3871,1822,3871,0%,0.20,24%,58%,18%
Rafael Estevam,2025-08-03,N/A,N/A,N/A,0/0,0/0,0/0,77,133,77,133,0%,0.00,14%,82%,4%
Rafael Fiziev,2025-08-03,N/A,N/A,N/A,0/0,0/0,0/0,645,1229,645,1229,0%,0.22,40%,44%,16%
Ramazan Temirov,2025-08-03,N/A,N/A,N/A,0/0,0/0,0/0,78,194,78,194,0%,2.52,22%,77%,1%
Ramiz Brahimaj,2025-08-03,N/A,N/A,N/A,0/0,0/0,0/0,113,251,113,251,0%,0.28,16%,79%,5%
Ramon Taveras,2025-08-03,N/A,N/A,N/A,0/0,0/0,0/0,152,339,152,339,0%,0.91,11%,84%,5%
Random Page,2025-08-03,N/A,N/A,N/A,0/0,0/0,0/0,0,0,0,0,0%,0,0%,0%,0%
Randy Brown,2025-08-03,N/A,N/A,N/A,0/0,0/0,0/0,937,1976,937,1976,0%,0.43,20%,64%,17%
Rani Yahya,2025-08-03,N/A,N/A,N/A,0/0,0/0,0/0,479,1229,479,1229,0%,0.00,19%,53%,29%
Raoni Barcelos,2025-08-03,N/A,N/A,N/A,0/0,0/0,0/0,815,1550,815,1550,0%,0.45,12%,75%,13%
Raquel Pennington,2025-08-03,N/A,N/A,N/A,0/0,0/0,0/0,1193,2426,1193,2426,0%,0.05,31%,58%,11%
Ravena Oliveira,2025-08-03,N/A,N/A,N/A,0/0,0/0,0/0,15,31,15,31,0%,0.00,20%,67%,13%
Rei Tsuruya,2025-08-03,N/A,N/A,N/A,0/0,0/0,0/0,126,239,126,239,0%,0.00,6%,88%,6%
Ren Yawei,2025-08-03,N/A,N/A,N/A,0/0,0/0,0/0,0,0,0,0,0%,0,0%,0%,0%
Renato Moicano,2025-08-03,N/A,N/A,N/A,0/0,0/0,0/0,750,1531,750,1531,0%,0.17,9%,73%,18%
Ricardo Ramos,2025-08-03,N/A,N/A,N/A,0/0,0/0,0/0,399,1094,399,1094,0%,0.34,21%,62%,17%
Ricky Simon,2025-08-03,N/A,N/A,N/A,0/0,0/0,0/0,588,1335,588,1335,0%,0.37,16%,69%,15%
Ricky Turcios,2025-08-03,N/A,N/A,N/A,0/0,0/0,0/0,390,971,390,971,0%,0.18,21%,61%,19%
Rinat Fakhretdinov,2025-08-03,N/A,N/A,N/A,0/0,0/0,0/0,363,688,363,688,0%,0.59,14%,71%,16%
Rinya Nakamura,2025-08-03,N/A,N/A,N/A,0/0,0/0,0/0,159,307,159,307,0%,1.17,16%,68%,16%
Rio Tirto,2025-08-03,N/A,N/A,N/A,0/0,0/0,0/0,0,0,0,0,0%,0,0%,0%,0%
Rizvan Kuniev,2025-08-03,N/A,N/A,N/A,0/0,0/0,0/0,138,237,138,237,0%,0.48,20%,70%,11%
Rob Font,2025-08-03,N/A,N/A,N/A,0/0,0/0,0/0,1362,2944,1362,2944,0%,0.42,18%,76%,7%
Robert Bryczek,2025-08-03,N/A,N/A,N/A,0/0,0/0,0/0,32,133,32,133,0%,0.00,31%,59%,9%
Robert Valentin,2025-08-03,N/A,N/A,N/A,0/0,0/0,0/0,0,0,0,0,0%,0,0%,0%,0%
Robert Whittaker,2025-08-03,N/A,N/A,N/A,0/0,0/0,0/0,1435,3321,1435,3321,0%,0.55,11%,71%,19%
Roberto Romero,2025-08-03,N/A,N/A,N/A,0/0,0/0,0/0,109,222,109,222,0%,0.63,30%,32%,38%
Rodolfo Bellato,2025-08-03,N/A,N/A,N/A,0/0,0/0,0/0,278,450,278,450,0%,0.31,21%,63%,17%
Rodolfo Vieira,2025-08-03,N/A,N/A,N/A,0/0,0/0,0/0,241,433,241,433,0%,0.00,7%,74%,19%
Rolando Bedoya,2025-08-03,N/A,N/A,N/A,0/0,0/0,0/0,328,666,328,666,0%,0.00,16%,51%,33%
Roman Dolidze,2025-08-03,N/A,N/A,N/A,0/0,0/0,0/0,532,1248,532,1248,0%,0.40,15%,63%,22%
Roman Kopylov,2025-08-03,N/A,N/A,N/A,0/0,0/0,0/0,555,1103,555,1103,0%,0.77,19%,65%,16%
Ronaldo Rodriguez,2025-08-03,N/A,N/A,N/A,0/0,0/0,0/0,0,0,0,0,0%,0,0%,0%,0%
Rose Namajunas,2025-08-03,N/A,N/A,N/A,0/0,0/0,0/0,1014,2436,1014,2436,0%,0.32,19%,72%,9%
Rui Imura,2025-08-03,N/A,N/A,N/A,0/0,0/0,0/0,0,0,0,0,0%,0,0%,0%,0%
Ryan Hall,2025-08-03,N/A,N/A,N/A,0/0,0/0,0/0,161,322,161,322,0%,0.44,35%,42%,23%
Ryan Loder,2025-08-03,N/A,N/A,N/A,0/0,0/0,0/0,55,77,55,77,0%,0.00,15%,85%,0%
Ryan Spann,2025-08-03,N/A,N/A,N/A,0/0,0/0,0/0,294,752,294,752,0%,0.98,18%,76%,6%
Said Nurmagomedov,2025-08-03,N/A,N/A,N/A,0/0,0/0,0/0,321,661,321,661,0%,0.29,25%,54%,21%
Saimon Oliveira,2025-08-03,N/A,N/A,N/A,0/0,0/0,0/0,112,279,112,279,0%,0.00,23%,43%,34%
Sam Hughes,2025-08-03,N/A,N/A,N/A,0/0,0/0,0/0,612,1304,612,1304,0%,0.00,17%,67%,15%
Sam Patterson,2025-08-03,N/A,N/A,N/A,0/0,0/0,0/0,59,143,59,143,0%,0.81,8%,80%,12%
Santiago Ponzinibbio,2025-08-03,N/A,N/A,N/A,0/0,0/0,0/0,1083,2605,1083,2605,0%,0.73,13%,71%,17%
Sean Brady,2025-08-03,N/A,N/A,N/A,0/0,0/0,0/0,514,923,514,923,0%,0.12,8%,68%,24%
Sean Sharaf,2025-08-03,N/A,N/A,N/A,0/0,0/0,0/0,53,118,53,118,0%,0.00,13%,74%,13%
Sean Strickland,2025-08-03,N/A,N/A,N/A,0/0,0/0,0/0,2197,5164,2197,5164,0%,0.24,15%,80%,5%
Sean Woodson,2025-08-03,N/A,N/A,N/A,0/0,0/0,0/0,725,1559,725,1559,0%,0.46,15%,71%,14%
Sebastian Szalay,2025-08-03,N/A,N/A,N/A,0/0,0/0,0/0,0,0,0,0,0%,0,0%,0%,0%
Sedriques Dumas,2025-08-03,N/A,N/A,N/A,0/0,0/0,0/0,126,278,126,278,0%,0.00,16%,49%,35%
Seokhyeon Ko,2025-08-03,N/A,N/A,N/A,0/0,0/0,0/0,87,165,87,165,0%,0.00,13%,80%,7%
Sergei Pavlovich,2025-08-03,N/A,N/A,N/A,0/0,0/0,0/0,217,496,217,496,0%,2.20,8%,90%,2%
Serghei Spivac,2025-08-03,N/A,N/A,N/A,0/0,0/0,0/0,381,789,381,789,0%,0.00,4%,93%,3%
Serhiy Sidey,2025-08-03,N/A,N/A,N/A,0/0,0/0,0/0,213,533,213,533,0%,0.32,28%,60%,12%
Shamil Gaziev,2025-08-03,N/A,N/A,N/A,0/0,0/0,0/0,120,248,120,248,0%,0.64,27%,72%,2%
Shara Magomedov,2025-08-03,N/A,N/A,N/A,0/0,0/0,0/0,488,775,488,775,0%,0.36,31%,43%,26%
Shauna Bannon,2025-08-03,N/A,N/A,N/A,0/0,0/0,0/0,183,417,183,417,0%,0.00,36%,45%,20%
Shavkat Rakhmonov,2025-08-03,N/A,N/A,N/A,0/0,0/0,0/0,244,406,244,406,0%,0.20,26%,70%,4%
Shayilan Nuerdanbieke,2025-08-03,N/A,N/A,N/A,0/0,0/0,0/0,124,270,124,270,0%,0.71,8%,83%,9%
Sheldon Westcott,2025-08-03,N/A,N/A,N/A,0/0,0/0,0/0,63,155,63,155,0%,0.00,21%,76%,3%
Ming Shi,2025-08-03,N/A,N/A,N/A,0/0,0/0,0/0,142,362,142,362,0%,0.74,30%,45%,25%
Shogo Sato,2025-08-03,N/A,N/A,N/A,0/0,0/0,0/0,0,0,0,0,0%,0,0%,0%,0%
Sodiq Yusuff,2025-08-03,N/A,N/A,N/A,0/0,0/0,0/0,650,1326,650,1326,0%,0.49,16%,59%,25%
Song Kenan,2025-08-03,N/A,N/A,N/A,0/0,0/0,0/0,484,1030,484,1030,0%,0.70,18%,64%,18%
Song Yadong,2025-08-03,N/A,N/A,N/A,0/0,0/0,0/0,898,2048,898,2048,0%,0.54,20%,63%,17%
Stephanie Luciano,2025-08-03,N/A,N/A,N/A,0/0,0/0,0/0,0,0,0,0,0%,0,0%,0%,0%
Stephen Thompson,2025-08-03,N/A,N/A,N/A,0/0,0/0,0/0,1293,2810,1293,2810,0%,0.47,24%,66%,10%
Steve Erceg,2025-08-03,N/A,N/A,N/A,0/0,0/0,0/0,398,857,398,857,0%,0.17,19%,70%,11%
Steve Garcia,2025-08-03,N/A,N/A,N/A,0/0,0/0,0/0,344,707,344,707,0%,2.26,18%,73%,9%
Steven Koslow,2025-08-03,N/A,N/A,N/A,0/0,0/0,0/0,11,29,11,29,0%,0.00,9%,73%,18%
Steven Nguyen,2025-08-03,N/A,N/A,N/A,0/0,0/0,0/0,476,1130,476,1130,0%,1.65,8%,83%,9%
Stewart Nicoll,2025-08-03,N/A,N/A,N/A,0/0,0/0,0/0,8,17,8,17,0%,0.00,25%,50%,25%
Tabatha Ricci,2025-08-03,N/A,N/A,N/A,0/0,0/0,0/0,536,1452,536,1452,0%,0.00,13%,65%,21%
Tagir Ulanbekov,2025-08-03,N/A,N/A,N/A,0/0,0/0,0/0,292,591,292,591,0%,0.17,13%,82%,5%
Tai Tuivasa,2025-08-03,N/A,N/A,N/A,0/0,0/0,0/0,436,930,436,930,0%,1.04,17%,59%,24%
Tainara Lisboa,2025-08-03,N/A,N/A,N/A,0/0,0/0,0/0,66,152,66,152,0%,0.00,30%,64%,6%
Talita Alencar,2025-08-03,N/A,N/A,N/A,0/0,0/0,0/0,157,473,157,473,0%,0.00,25%,68%,6%
Tallison Teixeira,2025-08-03,N/A,N/A,N/A,0/0,0/0,0/0,40,67,40,67,0%,9.63,13%,70%,18%
Tatiana Suarez,2025-08-03,N/A,N/A,N/A,0/0,0/0,0/0,291,472,291,472,0%,0.00,27%,54%,19%
Tatsuro Taira,2025-08-03,N/A,N/A,N/A,0/0,0/0,0/0,247,410,247,410,0%,0.36,8%,77%,15%
Tecia Pennington,2025-08-03,N/A,N/A,N/A,0/0,0/0,0/0,1199,2494,1199,2494,0%,0.06,21%,56%,23%
Tereza Bleda,2025-08-03,N/A,N/A,N/A,0/0,0/0,0/0,125,235,125,235,0%,0.36,20%,69%,11%
Themba Gorimbo,2025-08-03,N/A,N/A,N/A,0/0,0/0,0/0,167,272,167,272,0%,0.57,34%,52%,14%
Thiago Moisés,2025-08-03,N/A,N/A,N/A,0/0,0/0,0/0,424,1008,424,1008,0%,0.26,14%,63%,23%
Thomas Petersen,2025-08-03,N/A,N/A,N/A,0/0,0/0,0/0,203,339,203,339,0%,0.00,25%,67%,7%
Ti Haitao,2025-08-03,N/A,N/A,N/A,0/0,0/0,0/0,0,0,0,0,0%,0,0%,0%,0%
Tim Elliott,2025-08-03,N/A,N/A,N/A,0/0,0/0,0/0,831,1850,831,1850,0%,0.12,21%,58%,21%
Tim Means,2025-08-03,N/A,N/A,N/A,0/0,0/0,0/0,1457,2968,1457,2968,0%,0.57,28%,61%,11%
Timmy Cuamba,2025-08-03,N/A,N/A,N/A,0/0,0/0,0/0,0,0,0,0,0%,0,0%,0%,0%
Tofiq Musayev,2025-08-03,N/A,N/A,N/A,0/0,0/0,0/0,2,6,2,6,0%,0.00,100%,0%,0%
Tom Aspinall,2025-08-03,N/A,N/A,N/A,0/0,0/0,0/0,148,220,148,220,0%,4.09,12%,71%,17%
Tom Nolan,2025-08-03,N/A,N/A,N/A,0/0,0/0,0/0,211,459,211,459,0%,0.83,31%,52%,17%
Torrez Finney,2025-08-03,N/A,N/A,N/A,0/0,0/0,0/0,74,108,74,108,0%,0.00,3%,97%,0%
Toshiomi Kazama,2025-08-03,N/A,N/A,N/A,0/0,0/0,0/0,46,86,46,86,0%,0.00,22%,63%,15%
Tracy Cortez,2025-08-03,N/A,N/A,N/A,0/0,0/0,0/0,493,999,493,999,0%,0.00,24%,61%,14%
Tresean Gore,2025-08-03,N/A,N/A,N/A,0/0,0/0,0/0,95,203,95,203,0%,0.00,22%,53%,25%
Trevin Giles,2025-08-03,N/A,N/A,N/A,0/0,0/0,0/0,487,895,487,895,0%,0.29,9%,75%,16%
Trevor Peek,2025-08-03,N/A,N/A,N/A,0/0,0/0,0/0,319,591,319,591,0%,0.41,25%,60%,15%
Trey Ogden,2025-08-03,N/A,N/A,N/A,0/0,0/0,0/0,330,658,330,658,0%,0.00,19%,50%,31%
Trey Waters,2025-08-03,N/A,N/A,N/A,0/0,0/0,0/0,220,500,220,500,0%,0.00,6%,91%,3%
Tuco Tokkos,2025-08-03,N/A,N/A,N/A,0/0,0/0,0/0,68,170,68,170,0%,0.00,7%,63%,29%
Ty Miller,2025-08-03,N/A,N/A,N/A,0/0,0/0,0/0,0,0,0,0,0%,0,0%,0%,0%
Umar Nurmagomedov,2025-08-03,N/A,N/A,N/A,0/0,0/0,0/0,423,740,423,740,0%,0.16,19%,69%,12%
Uran Satybaldiev,2025-08-03,N/A,N/A,N/A,0/0,0/0,0/0,36,141,36,141,0%,0.00,17%,53%,31%
Uroš Medić,2025-08-03,N/A,N/A,N/A,0/0,0/0,0/0,222,366,222,366,0%,2.60,22%,67%,12%
Vagner Rocha,2025-08-03,N/A,N/A,N/A,0/0,0/0,0/0,85,200,85,200,0%,0.00,11%,66%,24%
Valentina Shevchenko,2025-08-03,N/A,N/A,N/A,0/0,0/0,0/0,1059,2022,1059,2022,0%,0.09,13%,66%,21%
Valter Walker,2025-08-03,N/A,N/A,N/A,0/0,0/0,0/0,42,85,42,85,0%,0.00,14%,57%,29%
Vanessa Demopoulos,2025-08-03,N/A,N/A,N/A,0/0,0/0,0/0,475,1189,475,1189,0%,0.11,24%,64%,12%
Veronica Hardy,2025-08-03,N/A,N/A,N/A,0/0,0/0,0/0,351,773,351,773,0%,0.00,20%,64%,17%
Viacheslav Borshchev,2025-08-03,N/A,N/A,N/A,0/0,0/0,0/0,526,971,526,971,0%,0.74,25%,52%,24%
Vicente Luque,2025-08-03,N/A,N/A,N/A,0/0,0/0,0/0,1093,2103,1093,2103,0%,0.69,13%,61%,26%
Victor Henry,2025-08-03,N/A,N/A,N/A,0/0,0/0,0/0,621,1168,621,1168,0%,0.52,32%,57%,10%
Victor Martinez,2025-08-03,N/A,N/A,N/A,0/0,0/0,0/0,169,326,169,326,0%,0.70,27%,47%,26%
Vince Morales,2025-08-03,N/A,N/A,N/A,0/0,0/0,0/0,548,1449,548,1449,0%,0.29,25%,66%,10%
Vinicius Oliveira,2025-08-03,N/A,N/A,N/A,0/0,0/0,0/0,331,766,331,766,0%,0.72,22%,54%,24%
Virna Jandiroba,2025-08-03,N/A,N/A,N/A,0/0,0/0,0/0,261,670,261,670,0%,0.11,13%,85%,1%
Vitor Petrino,2025-08-03,N/A,N/A,N/A,0/0,0/0,0/0,213,472,213,472,0%,0.38,18%,72%,10%
Viviane Araújo,2025-08-03,N/A,N/A,N/A,0/0,0/0,0/0,772,1626,772,1626,0%,0.07,15%,74%,12%
Volkan Oezdemir,2025-08-03,N/A,N/A,N/A,0/0,0/0,0/0,738,1518,738,1518,0%,0.60,15%,62%,22%
Wang Cong,2025-08-03,N/A,N/A,N/A,0/0,0/0,0/0,321,563,321,563,0%,0.70,23%,46%,31%
Wataru Yamauchi,2025-08-03,N/A,N/A,N/A,0/0,0/0,0/0,0,0,0,0,0%,0,0%,0%,0%
Weight Classes,2025-08-03,N/A,N/A,N/A,0/0,0/0,0/0,0,0,0,0,0%,0,0%,0%,0%
Wellington Turman,2025-08-03,N/A,N/A,N/A,0/0,0/0,0/0,312,609,312,609,0%,0.00,21%,59%,21%
Westin Wilson,2025-08-03,N/A,N/A,N/A,0/0,0/0,0/0,15,45,15,45,0%,0.00,20%,53%,27%
William Gomis,2025-08-03,N/A,N/A,N/A,0/0,0/0,0/0,255,495,255,495,0%,0.00,27%,42%,31%
Xiao Long,2025-08-03,N/A,N/A,N/A,0/0,0/0,0/0,386,765,386,765,0%,0.21,27%,58%,14%
Yair Rodriguez,2025-08-03,N/A,N/A,N/A,0/0,0/0,0/0,984,2096,984,2096,0%,0.35,20%,55%,25%
Yan Xiaonan,2025-08-03,N/A,N/A,N/A,0/0,0/0,0/0,916,2030,916,2030,0%,0.15,13%,65%,21%
Yana Santos,2025-08-03,N/A,N/A,N/A,0/0,0/0,0/0,612,1046,612,1046,0%,0.11,41%,32%,27%
Yanal Ashmouz,2025-08-03,N/A,N/A,N/A,0/0,0/0,0/0,133,262,133,262,0%,0.00,18%,65%,17%
Yazmin Jauregui,2025-08-03,N/A,N/A,N/A,0/0,0/0,0/0,282,715,282,715,0%,0.71,17%,62%,21%
Youssef Zalal,2025-08-03,N/A,N/A,N/A,0/0,0/0,0/0,419,826,419,826,0%,0.22,17%,63%,21%
Yuneisy Duben,2025-08-03,N/A,N/A,N/A,0/0,0/0,0/0,39,80,39,80,0%,5.20,3%,77%,21%
Yusaku Kinoshita,2025-08-03,N/A,N/A,N/A,0/0,0/0,0/0,89,178,89,178,0%,0.78,16%,55%,29%
Zachary Reese,2025-08-03,N/A,N/A,N/A,0/0,0/0,0/0,156,288,156,288,0%,0.41,29%,54%,16%
Zhang Mingyang,2025-08-03,N/A,N/A,N/A,0/0,0/0,0/0,132,205,132,205,0%,3.72,12%,67%,21%
Zhang Qinghe,2025-08-03,N/A,N/A,N/A,0/0,0/0,0/0,0,0,0,0,0%,0,0%,0%,0%
Zhang Weili,2025-08-03,N/A,N/A,N/A,0/0,0/0,0/0,897,1665,897,1665,0%,0.26,16%,60%,24%
